PokeID,Name,Type1,Type2,Total,HP,Attack,Defense,Sp.Atk,Sp.Def,Speed,Generation,Legendary,Battle,Sprite
1,Bulbasaur,Grass,Poison,318,45,49,49,65,65,45,1,0,1,https://raw.githubusercontent.com/PokeAPI/sprites/master/sprites/pokemon/1.png
2,Ivysaur,Grass,Poison,405,60,62,63,80,80,60,1,0,0,https://raw.githubusercontent.com/PokeAPI/sprites/master/sprites/pokemon/2.png
3,Venusaur,Grass,Poison,525,80,82,83,100,100,80,1,0,0,https://raw.githubusercontent.com/PokeAPI/sprites/master/sprites/pokemon/3.png
4,Charmander,Fire,NULL,309,39,52,43,60,50,65,1,0,0,https://raw.githubusercontent.com/PokeAPI/sprites/master/sprites/pokemon/4.png
5,Charmeleon,Fire,NULL,405,58,64,58,80,65,80,1,0,0,https://raw.githubusercontent.com/PokeAPI/sprites/master/sprites/pokemon/5.png
6,Charizard,Fire,Flying,534,78,84,78,109,85,100,1,0,0,https://raw.githubusercontent.com/PokeAPI/sprites/master/sprites/pokemon/6.png
7,Squirtle,Water,NULL,314,44,48,65,50,64,43,1,0,0,https://raw.githubusercontent.com/PokeAPI/sprites/master/sprites/pokemon/7.png
8,Wartortle,Water,NULL,405,59,63,80,65,80,58,1,0,0,https://raw.githubusercontent.com/PokeAPI/sprites/master/sprites/pokemon/8.png
9,Blastoise,Water,NULL,530,79,83,100,85,105,78,1,0,0,https://raw.githubusercontent.com/PokeAPI/sprites/master/sprites/pokemon/9.png
10,Caterpie,Bug,NULL,195,45,30,35,20,20,45,1,0,0,https://raw.githubusercontent.com/PokeAPI/sprites/master/sprites/pokemon/10.png
11,Metapod,Bug,NULL,205,50,20,55,25,25,30,1,0,0,https://raw.githubusercontent.com/PokeAPI/sprites/master/sprites/pokemon/11.png
12,Butterfree,Bug,Flying,395,60,45,50,90,80,70,1,0,0,https://raw.githubusercontent.com/PokeAPI/sprites/master/sprites/pokemon/12.png
13,Weedle,Bug,Poison,195,40,35,30,20,20,50,1,0,0,https://raw.githubusercontent.com/PokeAPI/sprites/master/sprites/pokemon/13.png
14,Kakuna,Bug,Poison,205,45,25,50,25,25,35,1,0,0,https://raw.githubusercontent.com/PokeAPI/sprites/master/sprites/pokemon/14.png
15,Beedrill,Bug,Poison,395,65,90,40,45,80,75,1,0,0,https://raw.githubusercontent.com/PokeAPI/sprites/master/sprites/pokemon/15.png
16,Pidgey,Normal,Flying,251,40,45,40,35,35,56,1,0,1,https://raw.githubusercontent.com/PokeAPI/sprites/master/sprites/pokemon/16.png
17,Pidgeotto,Normal,Flying,349,63,60,55,50,50,71,1,0,0,https://raw.githubusercontent.com/PokeAPI/sprites/master/sprites/pokemon/17.png
18,Pidgeot,Normal,Flying,479,83,80,75,70,70,101,1,0,0,https://raw.githubusercontent.com/PokeAPI/sprites/master/sprites/pokemon/18.png
19,Rattata,Normal,NULL,253,30,56,35,25,35,72,1,0,0,https://raw.githubusercontent.com/PokeAPI/sprites/master/sprites/pokemon/19.png
20,Raticate,Normal,NULL,413,55,81,60,50,70,97,1,0,0,https://raw.githubusercontent.com/PokeAPI/sprites/master/sprites/pokemon/20.png
21,Spearow,Normal,Flying,262,40,60,30,31,31,70,1,0,0,https://raw.githubusercontent.com/PokeAPI/sprites/master/sprites/pokemon/21.png
22,Fearow,Normal,Flying,442,65,90,65,61,61,100,1,0,1,https://raw.githubusercontent.com/PokeAPI/sprites/master/sprites/pokemon/22.png
23,Ekans,Poison,NULL,288,35,60,44,40,54,55,1,0,0,https://raw.githubusercontent.com/PokeAPI/sprites/master/sprites/pokemon/23.png
24,Arbok,Poison,NULL,438,60,85,69,65,79,80,1,0,0,https://raw.githubusercontent.com/PokeAPI/sprites/master/sprites/pokemon/24.png
25,Pikachu,Electric,NULL,320,35,55,40,50,50,90,1,0,0,https://raw.githubusercontent.com/PokeAPI/sprites/master/sprites/pokemon/25.png
26,Raichu,Electric,NULL,485,60,90,55,90,80,110,1,0,1,https://raw.githubusercontent.com/PokeAPI/sprites/master/sprites/pokemon/26.png
27,Sandshrew,Ground,NULL,300,50,75,85,20,30,40,1,0,0,https://raw.githubusercontent.com/PokeAPI/sprites/master/sprites/pokemon/27.png
28,Sandslash,Ground,NULL,450,75,100,110,45,55,65,1,0,0,https://raw.githubusercontent.com/PokeAPI/sprites/master/sprites/pokemon/28.png
29,Nidoran♀,Poison,NULL,275,55,47,52,40,40,41,1,0,0,https://raw.githubusercontent.com/PokeAPI/sprites/master/sprites/pokemon/29.png
30,Nidorina,Poison,NULL,365,70,62,67,55,55,56,1,0,0,https://raw.githubusercontent.com/PokeAPI/sprites/master/sprites/pokemon/30.png
31,Nidoqueen,Poison,Ground,505,90,92,87,75,85,76,1,0,0,https://raw.githubusercontent.com/PokeAPI/sprites/master/sprites/pokemon/31.png
32,Nidoran♂,Poison,NULL,273,46,57,40,40,40,50,1,0,0,https://raw.githubusercontent.com/PokeAPI/sprites/master/sprites/pokemon/32.png
33,Nidorino,Poison,NULL,365,61,72,57,55,55,65,1,0,0,https://raw.githubusercontent.com/PokeAPI/sprites/master/sprites/pokemon/33.png
34,Nidoking,Poison,Ground,505,81,102,77,85,75,85,1,0,0,https://raw.githubusercontent.com/PokeAPI/sprites/master/sprites/pokemon/34.png
35,Clefairy,Fairy,NULL,323,70,45,48,60,65,35,1,0,0,https://raw.githubusercontent.com/PokeAPI/sprites/master/sprites/pokemon/35.png
36,Clefable,Fairy,NULL,483,95,70,73,95,90,60,1,0,0,https://raw.githubusercontent.com/PokeAPI/sprites/master/sprites/pokemon/36.png
37,Vulpix,Fire,NULL,299,38,41,40,50,65,65,1,0,0,https://raw.githubusercontent.com/PokeAPI/sprites/master/sprites/pokemon/37.png
38,Ninetales,Fire,NULL,505,73,76,75,81,100,100,1,0,0,https://raw.githubusercontent.com/PokeAPI/sprites/master/sprites/pokemon/38.png
39,Jigglypuff,Normal,Fairy,270,115,45,20,45,25,20,1,0,0,https://raw.githubusercontent.com/PokeAPI/sprites/master/sprites/pokemon/39.png
40,Wigglytuff,Normal,Fairy,435,140,70,45,85,50,45,1,0,0,https://raw.githubusercontent.com/PokeAPI/sprites/master/sprites/pokemon/40.png
41,Zubat,Poison,Flying,245,40,45,35,30,40,55,1,0,0,https://raw.githubusercontent.com/PokeAPI/sprites/master/sprites/pokemon/41.png
42,Golbat,Poison,Flying,455,75,80,70,65,75,90,1,0,0,https://raw.githubusercontent.com/PokeAPI/sprites/master/sprites/pokemon/42.png
43,Oddish,Grass,Poison,320,45,50,55,75,65,30,1,0,1,https://raw.githubusercontent.com/PokeAPI/sprites/master/sprites/pokemon/43.png
44,Gloom,Grass,Poison,395,60,65,70,85,75,40,1,0,0,https://raw.githubusercontent.com/PokeAPI/sprites/master/sprites/pokemon/44.png
45,Vileplume,Grass,Poison,490,75,80,85,110,90,50,1,0,0,https://raw.githubusercontent.com/PokeAPI/sprites/master/sprites/pokemon/45.png
46,Paras,Bug,Grass,285,35,70,55,45,55,25,1,0,0,https://raw.githubusercontent.com/PokeAPI/sprites/master/sprites/pokemon/46.png
47,Parasect,Bug,Grass,405,60,95,80,60,80,30,1,0,0,https://raw.githubusercontent.com/PokeAPI/sprites/master/sprites/pokemon/47.png
48,Venonat,Bug,Poison,305,60,55,50,40,55,45,1,0,0,https://raw.githubusercontent.com/PokeAPI/sprites/master/sprites/pokemon/48.png
49,Venomoth,Bug,Poison,450,70,65,60,90,75,90,1,0,0,https://raw.githubusercontent.com/PokeAPI/sprites/master/sprites/pokemon/49.png
50,Diglett,Ground,NULL,265,10,55,25,35,45,95,1,0,0,https://raw.githubusercontent.com/PokeAPI/sprites/master/sprites/pokemon/50.png
51,Dugtrio,Ground,NULL,405,35,80,50,50,70,120,1,0,0,https://raw.githubusercontent.com/PokeAPI/sprites/master/sprites/pokemon/51.png
52,Meowth,Normal,NULL,290,40,45,35,40,40,90,1,0,0,https://raw.githubusercontent.com/PokeAPI/sprites/master/sprites/pokemon/52.png
53,Persian,Normal,NULL,440,65,70,60,65,65,115,1,0,0,https://raw.githubusercontent.com/PokeAPI/sprites/master/sprites/pokemon/53.png
54,Psyduck,Water,NULL,320,50,52,48,65,50,55,1,0,0,https://raw.githubusercontent.com/PokeAPI/sprites/master/sprites/pokemon/54.png
55,Golduck,Water,NULL,500,80,82,78,95,80,85,1,0,0,https://raw.githubusercontent.com/PokeAPI/sprites/master/sprites/pokemon/55.png
56,Mankey,Fighting,NULL,305,40,80,35,35,45,70,1,0,0,https://raw.githubusercontent.com/PokeAPI/sprites/master/sprites/pokemon/56.png
57,Primeape,Fighting,NULL,455,65,105,60,60,70,95,1,0,0,https://raw.githubusercontent.com/PokeAPI/sprites/master/sprites/pokemon/57.png
58,Growlithe,Fire,NULL,350,55,70,45,70,50,60,1,0,0,https://raw.githubusercontent.com/PokeAPI/sprites/master/sprites/pokemon/58.png
59,Arcanine,Fire,NULL,555,90,110,80,100,80,95,1,0,0,https://raw.githubusercontent.com/PokeAPI/sprites/master/sprites/pokemon/59.png
60,Poliwag,Water,NULL,300,40,50,40,40,40,90,1,0,0,https://raw.githubusercontent.com/PokeAPI/sprites/master/sprites/pokemon/60.png
61,Poliwhirl,Water,NULL,385,65,65,65,50,50,90,1,0,0,https://raw.githubusercontent.com/PokeAPI/sprites/master/sprites/pokemon/61.png
62,Poliwrath,Water,Fighting,510,90,95,95,70,90,70,1,0,0,https://raw.githubusercontent.com/PokeAPI/sprites/master/sprites/pokemon/62.png
63,Abra,Psychic,NULL,310,25,20,15,105,55,90,1,0,0,https://raw.githubusercontent.com/PokeAPI/sprites/master/sprites/pokemon/63.png
64,Kadabra,Psychic,NULL,400,40,35,30,120,70,105,1,0,0,https://raw.githubusercontent.com/PokeAPI/sprites/master/sprites/pokemon/64.png
65,Alakazam,Psychic,NULL,500,55,50,45,135,95,120,1,0,0,https://raw.githubusercontent.com/PokeAPI/sprites/master/sprites/pokemon/65.png
66,Machop,Fighting,NULL,305,70,80,50,35,35,35,1,0,0,https://raw.githubusercontent.com/PokeAPI/sprites/master/sprites/pokemon/66.png
67,Machoke,Fighting,NULL,405,80,100,70,50,60,45,1,0,0,https://raw.githubusercontent.com/PokeAPI/sprites/master/sprites/pokemon/67.png
68,Machamp,Fighting,NULL,505,90,130,80,65,85,55,1,0,0,https://raw.githubusercontent.com/PokeAPI/sprites/master/sprites/pokemon/68.png
69,Bellsprout,Grass,Poison,300,50,75,35,70,30,40,1,0,0,https://raw.githubusercontent.com/PokeAPI/sprites/master/sprites/pokemon/69.png
70,Weepinbell,Grass,Poison,390,65,90,50,85,45,55,1,0,0,https://raw.githubusercontent.com/PokeAPI/sprites/master/sprites/pokemon/70.png
71,Victreebel,Grass,Poison,490,80,105,65,100,70,70,1,0,0,https://raw.githubusercontent.com/PokeAPI/sprites/master/sprites/pokemon/71.png
72,Tentacool,Water,Poison,335,40,40,35,50,100,70,1,0,0,https://raw.githubusercontent.com/PokeAPI/sprites/master/sprites/pokemon/72.png
73,Tentacruel,Water,Poison,515,80,70,65,80,120,100,1,0,1,https://raw.githubusercontent.com/PokeAPI/sprites/master/sprites/pokemon/73.png
74,Geodude,Rock,Ground,300,40,80,100,30,30,20,1,0,0,https://raw.githubusercontent.com/PokeAPI/sprites/master/sprites/pokemon/74.png
75,Graveler,Rock,Ground,390,55,95,115,45,45,35,1,0,0,https://raw.githubusercontent.com/PokeAPI/sprites/master/sprites/pokemon/75.png
76,Golem,Rock,Ground,495,80,120,130,55,65,45,1,0,0,https://raw.githubusercontent.com/PokeAPI/sprites/master/sprites/pokemon/76.png
77,Ponyta,Fire,NULL,410,50,85,55,65,65,90,1,0,0,https://raw.githubusercontent.com/PokeAPI/sprites/master/sprites/pokemon/77.png
78,Rapidash,Fire,NULL,500,65,100,70,80,80,105,1,0,0,https://raw.githubusercontent.com/PokeAPI/sprites/master/sprites/pokemon/78.png
79,Slowpoke,Water,Psychic,315,90,65,65,40,40,15,1,0,0,https://raw.githubusercontent.com/PokeAPI/sprites/master/sprites/pokemon/79.png
80,Slowbro,Water,Psychic,490,95,75,110,100,80,30,1,0,0,https://raw.githubusercontent.com/PokeAPI/sprites/master/sprites/pokemon/80.png
81,Magnemite,Electric,Steel,325,25,35,70,95,55,45,1,0,0,https://raw.githubusercontent.com/PokeAPI/sprites/master/sprites/pokemon/81.png
82,Magneton,Electric,Steel,465,50,60,95,120,70,70,1,0,0,https://raw.githubusercontent.com/PokeAPI/sprites/master/sprites/pokemon/82.png
83,Farfetch'd,Normal,Flying,352,52,65,55,58,62,60,1,0,0,https://raw.githubusercontent.com/PokeAPI/sprites/master/sprites/pokemon/83.png
84,Doduo,Normal,Flying,310,35,85,45,35,35,75,1,0,0,https://raw.githubusercontent.com/PokeAPI/sprites/master/sprites/pokemon/84.png
85,Dodrio,Normal,Flying,460,60,110,70,60,60,100,1,0,0,https://raw.githubusercontent.com/PokeAPI/sprites/master/sprites/pokemon/85.png
86,Seel,Water,NULL,325,65,45,55,45,70,45,1,0,0,https://raw.githubusercontent.com/PokeAPI/sprites/master/sprites/pokemon/86.png
87,Dewgong,Water,Ice,475,90,70,80,70,95,70,1,0,0,https://raw.githubusercontent.com/PokeAPI/sprites/master/sprites/pokemon/87.png
88,Grimer,Poison,NULL,325,80,80,50,40,50,25,1,0,0,https://raw.githubusercontent.com/PokeAPI/sprites/master/sprites/pokemon/88.png
89,Muk,Poison,NULL,500,105,105,75,65,100,50,1,0,0,https://raw.githubusercontent.com/PokeAPI/sprites/master/sprites/pokemon/89.png
90,Shellder,Water,NULL,305,30,65,100,45,25,40,1,0,1,https://raw.githubusercontent.com/PokeAPI/sprites/master/sprites/pokemon/90.png
91,Cloyster,Water,Ice,525,50,95,180,85,45,70,1,0,0,https://raw.githubusercontent.com/PokeAPI/sprites/master/sprites/pokemon/91.png
92,Gastly,Ghost,Poison,310,30,35,30,100,35,80,1,0,0,https://raw.githubusercontent.com/PokeAPI/sprites/master/sprites/pokemon/92.png
93,Haunter,Ghost,Poison,405,45,50,45,115,55,95,1,0,1,https://raw.githubusercontent.com/PokeAPI/sprites/master/sprites/pokemon/93.png
94,Gengar,Ghost,Poison,500,60,65,60,130,75,110,1,0,0,https://raw.githubusercontent.com/PokeAPI/sprites/master/sprites/pokemon/94.png
95,Onix,Rock,Ground,385,35,45,160,30,45,70,1,0,0,https://raw.githubusercontent.com/PokeAPI/sprites/master/sprites/pokemon/95.png
96,Drowzee,Psychic,NULL,328,60,48,45,43,90,42,1,0,0,https://raw.githubusercontent.com/PokeAPI/sprites/master/sprites/pokemon/96.png
97,Hypno,Psychic,NULL,483,85,73,70,73,115,67,1,0,0,https://raw.githubusercontent.com/PokeAPI/sprites/master/sprites/pokemon/97.png
98,Krabby,Water,NULL,325,30,105,90,25,25,50,1,0,0,https://raw.githubusercontent.com/PokeAPI/sprites/master/sprites/pokemon/98.png
99,Kingler,Water,NULL,475,55,130,115,50,50,75,1,0,0,https://raw.githubusercontent.com/PokeAPI/sprites/master/sprites/pokemon/99.png
100,Voltorb,Electric,NULL,330,40,30,50,55,55,100,1,0,0,https://raw.githubusercontent.com/PokeAPI/sprites/master/sprites/pokemon/100.png
101,Electrode,Electric,NULL,480,60,50,70,80,80,140,1,0,0,https://raw.githubusercontent.com/PokeAPI/sprites/master/sprites/pokemon/101.png
102,Exeggcute,Grass,Psychic,325,60,40,80,60,45,40,1,0,0,https://raw.githubusercontent.com/PokeAPI/sprites/master/sprites/pokemon/102.png
103,Exeggutor,Grass,Psychic,520,95,95,85,125,65,55,1,0,0,https://raw.githubusercontent.com/PokeAPI/sprites/master/sprites/pokemon/103.png
104,Cubone,Ground,NULL,320,50,50,95,40,50,35,1,0,0,https://raw.githubusercontent.com/PokeAPI/sprites/master/sprites/pokemon/104.png
105,Marowak,Ground,NULL,425,60,80,110,50,80,45,1,0,0,https://raw.githubusercontent.com/PokeAPI/sprites/master/sprites/pokemon/105.png
106,Hitmonlee,Fighting,NULL,455,50,120,53,35,110,87,1,0,0,https://raw.githubusercontent.com/PokeAPI/sprites/master/sprites/pokemon/106.png
107,Hitmonchan,Fighting,NULL,455,50,105,79,35,110,76,1,0,0,https://raw.githubusercontent.com/PokeAPI/sprites/master/sprites/pokemon/107.png
108,Lickitung,Normal,NULL,385,90,55,75,60,75,30,1,0,0,https://raw.githubusercontent.com/PokeAPI/sprites/master/sprites/pokemon/108.png
109,Koffing,Poison,NULL,340,40,65,95,60,45,35,1,0,0,https://raw.githubusercontent.com/PokeAPI/sprites/master/sprites/pokemon/109.png
110,Weezing,Poison,NULL,490,65,90,120,85,70,60,1,0,0,https://raw.githubusercontent.com/PokeAPI/sprites/master/sprites/pokemon/110.png
111,Rhyhorn,Ground,Rock,345,80,85,95,30,30,25,1,0,0,https://raw.githubusercontent.com/PokeAPI/sprites/master/sprites/pokemon/111.png
112,Rhydon,Ground,Rock,485,105,130,120,45,45,40,1,0,0,https://raw.githubusercontent.com/PokeAPI/sprites/master/sprites/pokemon/112.png
113,Chansey,Normal,NULL,450,250,5,5,35,105,50,1,0,0,https://raw.githubusercontent.com/PokeAPI/sprites/master/sprites/pokemon/113.png
114,Tangela,Grass,NULL,435,65,55,115,100,40,60,1,0,0,https://raw.githubusercontent.com/PokeAPI/sprites/master/sprites/pokemon/114.png
115,Kangaskhan,Normal,NULL,490,105,95,80,40,80,90,1,0,0,https://raw.githubusercontent.com/PokeAPI/sprites/master/sprites/pokemon/115.png
116,Horsea,Water,NULL,295,30,40,70,70,25,60,1,0,0,https://raw.githubusercontent.com/PokeAPI/sprites/master/sprites/pokemon/116.png
117,Seadra,Water,NULL,440,55,65,95,95,45,85,1,0,0,https://raw.githubusercontent.com/PokeAPI/sprites/master/sprites/pokemon/117.png
118,Goldeen,Water,NULL,320,45,67,60,35,50,63,1,0,0,https://raw.githubusercontent.com/PokeAPI/sprites/master/sprites/pokemon/118.png
119,Seaking,Water,NULL,450,80,92,65,65,80,68,1,0,0,https://raw.githubusercontent.com/PokeAPI/sprites/master/sprites/pokemon/119.png
120,Staryu,Water,NULL,340,30,45,55,70,55,85,1,0,0,https://raw.githubusercontent.com/PokeAPI/sprites/master/sprites/pokemon/120.png
121,Starmie,Water,Psychic,520,60,75,85,100,85,115,1,0,0,https://raw.githubusercontent.com/PokeAPI/sprites/master/sprites/pokemon/121.png
122,Mr. Mime,Psychic,Fairy,460,40,45,65,100,120,90,1,0,1,https://raw.githubusercontent.com/PokeAPI/sprites/master/sprites/pokemon/122.png
123,Scyther,Bug,Flying,500,70,110,80,55,80,105,1,0,0,https://raw.githubusercontent.com/PokeAPI/sprites/master/sprites/pokemon/123.png
124,Jynx,Ice,Psychic,455,65,50,35,115,95,95,1,0,0,https://raw.githubusercontent.com/PokeAPI/sprites/master/sprites/pokemon/124.png
125,Electabuzz,Electric,NULL,490,65,83,57,95,85,105,1,0,0,https://raw.githubusercontent.com/PokeAPI/sprites/master/sprites/pokemon/125.png
126,Magmar,Fire,NULL,495,65,95,57,100,85,93,1,0,0,https://raw.githubusercontent.com/PokeAPI/sprites/master/sprites/pokemon/126.png
127,Pinsir,Bug,NULL,500,65,125,100,55,70,85,1,0,0,https://raw.githubusercontent.com/PokeAPI/sprites/master/sprites/pokemon/127.png
128,Tauros,Normal,NULL,490,75,100,95,40,70,110,1,0,0,https://raw.githubusercontent.com/PokeAPI/sprites/master/sprites/pokemon/128.png
129,Magikarp,Water,NULL,200,20,10,55,15,20,80,1,0,1,https://raw.githubusercontent.com/PokeAPI/sprites/master/sprites/pokemon/129.png
130,Gyarados,Water,Flying,540,95,125,79,60,100,81,1,0,0,https://raw.githubusercontent.com/PokeAPI/sprites/master/sprites/pokemon/130.png
131,Lapras,Water,Ice,535,130,85,80,85,95,60,1,0,0,https://raw.githubusercontent.com/PokeAPI/sprites/master/sprites/pokemon/131.png
132,Ditto,Normal,NULL,288,48,48,48,48,48,48,1,0,1,https://raw.githubusercontent.com/PokeAPI/sprites/master/sprites/pokemon/132.png
133,Eevee,Normal,NULL,325,55,55,50,45,65,55,1,0,0,https://raw.githubusercontent.com/PokeAPI/sprites/master/sprites/pokemon/133.png
134,Vaporeon,Water,NULL,525,130,65,60,110,95,65,1,0,0,https://raw.githubusercontent.com/PokeAPI/sprites/master/sprites/pokemon/134.png
135,Jolteon,Electric,NULL,525,65,65,60,110,95,130,1,0,0,https://raw.githubusercontent.com/PokeAPI/sprites/master/sprites/pokemon/135.png
136,Flareon,Fire,NULL,525,65,130,60,95,110,65,1,0,0,https://raw.githubusercontent.com/PokeAPI/sprites/master/sprites/pokemon/136.png
137,Porygon,Normal,NULL,395,65,60,70,85,75,40,1,0,0,https://raw.githubusercontent.com/PokeAPI/sprites/master/sprites/pokemon/137.png
138,Omanyte,Rock,Water,355,35,40,100,90,55,35,1,0,0,https://raw.githubusercontent.com/PokeAPI/sprites/master/sprites/pokemon/138.png
139,Omastar,Rock,Water,495,70,60,125,115,70,55,1,0,0,https://raw.githubusercontent.com/PokeAPI/sprites/master/sprites/pokemon/139.png
140,Kabuto,Rock,Water,355,30,80,90,55,45,55,1,0,0,https://raw.githubusercontent.com/PokeAPI/sprites/master/sprites/pokemon/140.png
141,Kabutops,Rock,Water,495,60,115,105,65,70,80,1,0,0,https://raw.githubusercontent.com/PokeAPI/sprites/master/sprites/pokemon/141.png
142,Aerodactyl,Rock,Flying,515,80,105,65,60,75,130,1,0,0,https://raw.githubusercontent.com/PokeAPI/sprites/master/sprites/pokemon/142.png
143,Snorlax,Normal,NULL,540,160,110,65,65,110,30,1,0,0,https://raw.githubusercontent.com/PokeAPI/sprites/master/sprites/pokemon/143.png
144,Articuno,Ice,Flying,580,90,85,100,95,125,85,1,1,0,https://raw.githubusercontent.com/PokeAPI/sprites/master/sprites/pokemon/144.png
145,Zapdos,Electric,Flying,580,90,90,85,125,90,100,1,1,0,https://raw.githubusercontent.com/PokeAPI/sprites/master/sprites/pokemon/145.png
146,Moltres,Fire,Flying,580,90,100,90,125,85,90,1,1,0,https://raw.githubusercontent.com/PokeAPI/sprites/master/sprites/pokemon/146.png
147,Dratini,Dragon,NULL,300,41,64,45,50,50,50,1,0,0,https://raw.githubusercontent.com/PokeAPI/sprites/master/sprites/pokemon/147.png
148,Dragonair,Dragon,NULL,420,61,84,65,70,70,70,1,0,0,https://raw.githubusercontent.com/PokeAPI/sprites/master/sprites/pokemon/148.png
149,Dragonite,Dragon,Flying,600,91,134,95,100,100,80,1,0,0,https://raw.githubusercontent.com/PokeAPI/sprites/master/sprites/pokemon/149.png
150,Mewtwo,Psychic,NULL,680,106,110,90,154,90,130,1,1,1,https://raw.githubusercontent.com/PokeAPI/sprites/master/sprites/pokemon/150.png
151,Mew,Psychic,NULL,600,100,100,100,100,100,100,1,0,0,https://raw.githubusercontent.com/PokeAPI/sprites/master/sprites/pokemon/151.png
152,Chikorita,Grass,NULL,318,45,49,65,49,65,45,2,0,0,https://raw.githubusercontent.com/PokeAPI/sprites/master/sprites/pokemon/152.png
153,Bayleef,Grass,NULL,405,60,62,80,63,80,60,2,0,0,https://raw.githubusercontent.com/PokeAPI/sprites/master/sprites/pokemon/153.png
155,Cyndaquil,Fire,NULL,309,39,52,43,60,50,65,2,0,0,https://raw.githubusercontent.com/PokeAPI/sprites/master/sprites/pokemon/155.png
156,Quilava,Fire,NULL,405,58,64,58,80,65,80,2,0,0,https://raw.githubusercontent.com/PokeAPI/sprites/master/sprites/pokemon/156.png
157,Typhlosion,Fire,NULL,534,78,84,78,109,85,100,2,0,0,https://raw.githubusercontent.com/PokeAPI/sprites/master/sprites/pokemon/157.png
158,Totodile,Water,NULL,314,50,65,64,44,48,43,2,0,1,https://raw.githubusercontent.com/PokeAPI/sprites/master/sprites/pokemon/158.png
159,Croconaw,Water,NULL,405,65,80,80,59,63,58,2,0,0,https://raw.githubusercontent.com/PokeAPI/sprites/master/sprites/pokemon/159.png
160,Feraligatr,Water,NULL,530,85,105,100,79,83,78,2,0,0,https://raw.githubusercontent.com/PokeAPI/sprites/master/sprites/pokemon/160.png
161,Sentret,Normal,NULL,215,35,46,34,35,45,20,2,0,0,https://raw.githubusercontent.com/PokeAPI/sprites/master/sprites/pokemon/161.png
162,Furret,Normal,NULL,415,85,76,64,45,55,90,2,0,0,https://raw.githubusercontent.com/PokeAPI/sprites/master/sprites/pokemon/162.png
163,Hoothoot,Normal,Flying,262,60,30,30,36,56,50,2,0,0,https://raw.githubusercontent.com/PokeAPI/sprites/master/sprites/pokemon/163.png
164,Noctowl,Normal,Flying,442,100,50,50,76,96,70,2,0,1,https://raw.githubusercontent.com/PokeAPI/sprites/master/sprites/pokemon/164.png
165,Ledyba,Bug,Flying,265,40,20,30,40,80,55,2,0,0,https://raw.githubusercontent.com/PokeAPI/sprites/master/sprites/pokemon/165.png
166,Ledian,Bug,Flying,390,55,35,50,55,110,85,2,0,0,https://raw.githubusercontent.com/PokeAPI/sprites/master/sprites/pokemon/166.png
167,Spinarak,Bug,Poison,250,40,60,40,40,40,30,2,0,0,https://raw.githubusercontent.com/PokeAPI/sprites/master/sprites/pokemon/167.png
168,Ariados,Bug,Poison,390,70,90,70,60,60,40,2,0,0,https://raw.githubusercontent.com/PokeAPI/sprites/master/sprites/pokemon/168.png
169,Crobat,Poison,Flying,535,85,90,80,70,80,130,2,0,0,https://raw.githubusercontent.com/PokeAPI/sprites/master/sprites/pokemon/169.png
170,Chinchou,Water,Electric,330,75,38,38,56,56,67,2,0,0,https://raw.githubusercontent.com/PokeAPI/sprites/master/sprites/pokemon/170.png
171,Lanturn,Water,Electric,460,125,58,58,76,76,67,2,0,0,https://raw.githubusercontent.com/PokeAPI/sprites/master/sprites/pokemon/171.png
172,Pichu,Electric,NULL,205,20,40,15,35,35,60,2,0,0,https://raw.githubusercontent.com/PokeAPI/sprites/master/sprites/pokemon/172.png
173,Cleffa,Fairy,NULL,218,50,25,28,45,55,15,2,0,0,https://raw.githubusercontent.com/PokeAPI/sprites/master/sprites/pokemon/173.png
174,Igglybuff,Normal,Fairy,210,90,30,15,40,20,15,2,0,1,https://raw.githubusercontent.com/PokeAPI/sprites/master/sprites/pokemon/174.png
175,Togepi,Fairy,NULL,245,35,20,65,40,65,20,2,0,1,https://raw.githubusercontent.com/PokeAPI/sprites/master/sprites/pokemon/175.png
176,Togetic,Fairy,Flying,405,55,40,85,80,105,40,2,0,0,https://raw.githubusercontent.com/PokeAPI/sprites/master/sprites/pokemon/176.png
177,Natu,Psychic,Flying,320,40,50,45,70,45,70,2,0,0,https://raw.githubusercontent.com/PokeAPI/sprites/master/sprites/pokemon/177.png
178,Xatu,Psychic,Flying,470,65,75,70,95,70,95,2,0,0,https://raw.githubusercontent.com/PokeAPI/sprites/master/sprites/pokemon/178.png
179,Mareep,Electric,NULL,280,55,40,40,65,45,35,2,0,0,https://raw.githubusercontent.com/PokeAPI/sprites/master/sprites/pokemon/179.png
180,Flaaffy,Electric,NULL,365,70,55,55,80,60,45,2,0,0,https://raw.githubusercontent.com/PokeAPI/sprites/master/sprites/pokemon/180.png
181,Ampharos,Electric,NULL,510,90,75,85,115,90,55,2,0,0,https://raw.githubusercontent.com/PokeAPI/sprites/master/sprites/pokemon/181.png
182,Bellossom,Grass,NULL,490,75,80,95,90,100,50,2,0,0,https://raw.githubusercontent.com/PokeAPI/sprites/master/sprites/pokemon/182.png
183,Marill,Water,Fairy,250,70,20,50,20,50,40,2,0,0,https://raw.githubusercontent.com/PokeAPI/sprites/master/sprites/pokemon/183.png
184,Azumarill,Water,Fairy,420,100,50,80,60,80,50,2,0,0,https://raw.githubusercontent.com/PokeAPI/sprites/master/sprites/pokemon/184.png
185,Sudowoodo,Rock,NULL,410,70,100,115,30,65,30,2,0,0,https://raw.githubusercontent.com/PokeAPI/sprites/master/sprites/pokemon/185.png
186,Politoed,Water,NULL,500,90,75,75,90,100,70,2,0,0,https://raw.githubusercontent.com/PokeAPI/sprites/master/sprites/pokemon/186.png
187,Hoppip,Grass,Flying,250,35,35,40,35,55,50,2,0,0,https://raw.githubusercontent.com/PokeAPI/sprites/master/sprites/pokemon/187.png
188,Skiploom,Grass,Flying,340,55,45,50,45,65,80,2,0,0,https://raw.githubusercontent.com/PokeAPI/sprites/master/sprites/pokemon/188.png
189,Jumpluff,Grass,Flying,460,75,55,70,55,95,110,2,0,1,https://raw.githubusercontent.com/PokeAPI/sprites/master/sprites/pokemon/189.png
190,Aipom,Normal,NULL,360,55,70,55,40,55,85,2,0,0,https://raw.githubusercontent.com/PokeAPI/sprites/master/sprites/pokemon/190.png
191,Sunkern,Grass,NULL,180,30,30,30,30,30,30,2,0,0,https://raw.githubusercontent.com/PokeAPI/sprites/master/sprites/pokemon/191.png
192,Sunflora,Grass,NULL,425,75,75,55,105,85,30,2,0,0,https://raw.githubusercontent.com/PokeAPI/sprites/master/sprites/pokemon/192.png
193,Yanma,Bug,Flying,390,65,65,45,75,45,95,2,0,0,https://raw.githubusercontent.com/PokeAPI/sprites/master/sprites/pokemon/193.png
194,Wooper,Water,Ground,210,55,45,45,25,25,15,2,0,0,https://raw.githubusercontent.com/PokeAPI/sprites/master/sprites/pokemon/194.png
195,Quagsire,Water,Ground,430,95,85,85,65,65,35,2,0,0,https://raw.githubusercontent.com/PokeAPI/sprites/master/sprites/pokemon/195.png
196,Espeon,Psychic,NULL,525,65,65,60,130,95,110,2,0,0,https://raw.githubusercontent.com/PokeAPI/sprites/master/sprites/pokemon/196.png
197,Umbreon,Dark,NULL,525,95,65,110,60,130,65,2,0,0,https://raw.githubusercontent.com/PokeAPI/sprites/master/sprites/pokemon/197.png
198,Murkrow,Dark,Flying,405,60,85,42,85,42,91,2,0,1,https://raw.githubusercontent.com/PokeAPI/sprites/master/sprites/pokemon/198.png
199,Slowking,Water,Psychic,490,95,75,80,100,110,30,2,0,0,https://raw.githubusercontent.com/PokeAPI/sprites/master/sprites/pokemon/199.png
200,Misdreavus,Ghost,NULL,435,60,60,60,85,85,85,2,0,0,https://raw.githubusercontent.com/PokeAPI/sprites/master/sprites/pokemon/200.png
201,Unown,Psychic,NULL,336,48,72,48,72,48,48,2,0,0,https://raw.githubusercontent.com/PokeAPI/sprites/master/sprites/pokemon/201.png
202,Wobbuffet,Psychic,NULL,405,190,33,58,33,58,33,2,0,1,https://raw.githubusercontent.com/PokeAPI/sprites/master/sprites/pokemon/202.png
203,Girafarig,Normal,Psychic,455,70,80,65,90,65,85,2,0,0,https://raw.githubusercontent.com/PokeAPI/sprites/master/sprites/pokemon/203.png
204,Pineco,Bug,NULL,290,50,65,90,35,35,15,2,0,0,https://raw.githubusercontent.com/PokeAPI/sprites/master/sprites/pokemon/204.png
205,Forretress,Bug,Steel,465,75,90,140,60,60,40,2,0,0,https://raw.githubusercontent.com/PokeAPI/sprites/master/sprites/pokemon/205.png
206,Dunsparce,Normal,NULL,415,100,70,70,65,65,45,2,0,0,https://raw.githubusercontent.com/PokeAPI/sprites/master/sprites/pokemon/206.png
207,Gligar,Ground,Flying,430,65,75,105,35,65,85,2,0,0,https://raw.githubusercontent.com/PokeAPI/sprites/master/sprites/pokemon/207.png
208,Steelix,Steel,Ground,510,75,85,200,55,65,30,2,0,0,https://raw.githubusercontent.com/PokeAPI/sprites/master/sprites/pokemon/208.png
209,Snubbull,Fairy,NULL,300,60,80,50,40,40,30,2,0,0,https://raw.githubusercontent.com/PokeAPI/sprites/master/sprites/pokemon/209.png
210,Granbull,Fairy,NULL,450,90,120,75,60,60,45,2,0,0,https://raw.githubusercontent.com/PokeAPI/sprites/master/sprites/pokemon/210.png
211,Qwilfish,Water,Poison,430,65,95,75,55,55,85,2,0,1,https://raw.githubusercontent.com/PokeAPI/sprites/master/sprites/pokemon/211.png
212,Scizor,Bug,Steel,500,70,130,100,55,80,65,2,0,0,https://raw.githubusercontent.com/PokeAPI/sprites/master/sprites/pokemon/212.png
213,Shuckle,Bug,Rock,505,20,10,230,10,230,5,2,0,0,https://raw.githubusercontent.com/PokeAPI/sprites/master/sprites/pokemon/213.png
214,Heracross,Bug,Fighting,500,80,125,75,40,95,85,2,0,0,https://raw.githubusercontent.com/PokeAPI/sprites/master/sprites/pokemon/214.png
215,Sneasel,Dark,Ice,430,55,95,55,35,75,115,2,0,0,https://raw.githubusercontent.com/PokeAPI/sprites/master/sprites/pokemon/215.png
216,Teddiursa,Normal,NULL,330,60,80,50,50,50,40,2,0,0,https://raw.githubusercontent.com/PokeAPI/sprites/master/sprites/pokemon/216.png
217,Ursaring,Normal,NULL,500,90,130,75,75,75,55,2,0,0,https://raw.githubusercontent.com/PokeAPI/sprites/master/sprites/pokemon/217.png
218,Slugma,Fire,NULL,250,40,40,40,70,40,20,2,0,0,https://raw.githubusercontent.com/PokeAPI/sprites/master/sprites/pokemon/218.png
219,Magcargo,Fire,Rock,410,50,50,120,80,80,30,2,0,0,https://raw.githubusercontent.com/PokeAPI/sprites/master/sprites/pokemon/219.png
220,Swinub,Ice,Ground,250,50,50,40,30,30,50,2,0,0,https://raw.githubusercontent.com/PokeAPI/sprites/master/sprites/pokemon/220.png
221,Piloswine,Ice,Ground,450,100,100,80,60,60,50,2,0,0,https://raw.githubusercontent.com/PokeAPI/sprites/master/sprites/pokemon/221.png
222,Corsola,Water,Rock,380,55,55,85,65,85,35,2,0,0,https://raw.githubusercontent.com/PokeAPI/sprites/master/sprites/pokemon/222.png
223,Remoraid,Water,NULL,300,35,65,35,65,35,65,2,0,0,https://raw.githubusercontent.com/PokeAPI/sprites/master/sprites/pokemon/223.png
224,Octillery,Water,NULL,480,75,105,75,105,75,45,2,0,0,https://raw.githubusercontent.com/PokeAPI/sprites/master/sprites/pokemon/224.png
225,Delibird,Ice,Flying,330,45,55,45,65,45,75,2,0,0,https://raw.githubusercontent.com/PokeAPI/sprites/master/sprites/pokemon/225.png
226,Mantine,Water,Flying,465,65,40,70,80,140,70,2,0,0,https://raw.githubusercontent.com/PokeAPI/sprites/master/sprites/pokemon/226.png
227,Skarmory,Steel,Flying,465,65,80,140,40,70,70,2,0,0,https://raw.githubusercontent.com/PokeAPI/sprites/master/sprites/pokemon/227.png
228,Houndour,Dark,Fire,330,45,60,30,80,50,65,2,0,0,https://raw.githubusercontent.com/PokeAPI/sprites/master/sprites/pokemon/228.png
229,Houndoom,Dark,Fire,500,75,90,50,110,80,95,2,0,0,https://raw.githubusercontent.com/PokeAPI/sprites/master/sprites/pokemon/229.png
230,Kingdra,Water,Dragon,540,75,95,95,95,95,85,2,0,0,https://raw.githubusercontent.com/PokeAPI/sprites/master/sprites/pokemon/230.png
231,Phanpy,Ground,NULL,330,90,60,60,40,40,40,2,0,0,https://raw.githubusercontent.com/PokeAPI/sprites/master/sprites/pokemon/231.png
232,Donphan,Ground,NULL,500,90,120,120,60,60,50,2,0,0,https://raw.githubusercontent.com/PokeAPI/sprites/master/sprites/pokemon/232.png
233,Porygon2,Normal,NULL,515,85,80,90,105,95,60,2,0,0,https://raw.githubusercontent.com/PokeAPI/sprites/master/sprites/pokemon/233.png
234,Stantler,Normal,NULL,465,73,95,62,85,65,85,2,0,0,https://raw.githubusercontent.com/PokeAPI/sprites/master/sprites/pokemon/234.png
235,Smeargle,Normal,NULL,250,55,20,35,20,45,75,2,0,0,https://raw.githubusercontent.com/PokeAPI/sprites/master/sprites/pokemon/235.png
236,Tyrogue,Fighting,NULL,210,35,35,35,35,35,35,2,0,0,https://raw.githubusercontent.com/PokeAPI/sprites/master/sprites/pokemon/236.png
237,Hitmontop,Fighting,NULL,455,50,95,95,35,110,70,2,0,0,https://raw.githubusercontent.com/PokeAPI/sprites/master/sprites/pokemon/237.png
238,Smoochum,Ice,Psychic,305,45,30,15,85,65,65,2,0,0,https://raw.githubusercontent.com/PokeAPI/sprites/master/sprites/pokemon/238.png
239,Elekid,Electric,NULL,360,45,63,37,65,55,95,2,0,0,https://raw.githubusercontent.com/PokeAPI/sprites/master/sprites/pokemon/239.png
240,Magby,Fire,NULL,365,45,75,37,70,55,83,2,0,0,https://raw.githubusercontent.com/PokeAPI/sprites/master/sprites/pokemon/240.png
241,Miltank,Normal,NULL,490,95,80,105,40,70,100,2,0,0,https://raw.githubusercontent.com/PokeAPI/sprites/master/sprites/pokemon/241.png
242,Blissey,Normal,NULL,540,255,10,10,75,135,55,2,0,0,https://raw.githubusercontent.com/PokeAPI/sprites/master/sprites/pokemon/242.png
243,Raikou,Electric,NULL,580,90,85,75,115,100,115,2,1,0,https://raw.githubusercontent.com/PokeAPI/sprites/master/sprites/pokemon/243.png
244,Entei,Fire,NULL,580,115,115,85,90,75,100,2,1,0,https://raw.githubusercontent.com/PokeAPI/sprites/master/sprites/pokemon/244.png
245,Suicune,Water,NULL,580,100,75,115,90,115,85,2,1,0,https://raw.githubusercontent.com/PokeAPI/sprites/master/sprites/pokemon/245.png
246,Larvitar,Rock,Ground,300,50,64,50,45,50,41,2,0,0,https://raw.githubusercontent.com/PokeAPI/sprites/master/sprites/pokemon/246.png
247,Pupitar,Rock,Ground,410,70,84,70,65,70,51,2,0,0,https://raw.githubusercontent.com/PokeAPI/sprites/master/sprites/pokemon/247.png
248,Tyranitar,Rock,Dark,600,100,134,110,95,100,61,2,0,0,https://raw.githubusercontent.com/PokeAPI/sprites/master/sprites/pokemon/248.png
249,Lugia,Psychic,Flying,680,106,90,130,90,154,110,2,1,0,https://raw.githubusercontent.com/PokeAPI/sprites/master/sprites/pokemon/249.png
250,Ho-oh,Fire,Flying,680,106,130,90,110,154,90,2,1,0,https://raw.githubusercontent.com/PokeAPI/sprites/master/sprites/pokemon/250.png
251,Celebi,Psychic,Grass,600,100,100,100,100,100,100,2,0,0,https://raw.githubusercontent.com/PokeAPI/sprites/master/sprites/pokemon/251.png
252,Treecko,Grass,NULL,310,40,45,35,65,55,70,3,0,0,https://raw.githubusercontent.com/PokeAPI/sprites/master/sprites/pokemon/252.png
253,Grovyle,Grass,NULL,405,50,65,45,85,65,95,3,0,0,https://raw.githubusercontent.com/PokeAPI/sprites/master/sprites/pokemon/253.png
254,Sceptile,Grass,NULL,530,70,85,65,105,85,120,3,0,1,https://raw.githubusercontent.com/PokeAPI/sprites/master/sprites/pokemon/254.png
255,Torchic,Fire,NULL,310,45,60,40,70,50,45,3,0,0,https://raw.githubusercontent.com/PokeAPI/sprites/master/sprites/pokemon/255.png
256,Combusken,Fire,Fighting,405,60,85,60,85,60,55,3,0,0,https://raw.githubusercontent.com/PokeAPI/sprites/master/sprites/pokemon/256.png
257,Blaziken,Fire,Fighting,530,80,120,70,110,70,80,3,0,0,https://raw.githubusercontent.com/PokeAPI/sprites/master/sprites/pokemon/257.png
258,Mudkip,Water,NULL,310,50,70,50,50,50,40,3,0,0,https://raw.githubusercontent.com/PokeAPI/sprites/master/sprites/pokemon/258.png
259,Marshtomp,Water,Ground,405,70,85,70,60,70,50,3,0,0,https://raw.githubusercontent.com/PokeAPI/sprites/master/sprites/pokemon/259.png
260,Swampert,Water,Ground,535,100,110,90,85,90,60,3,0,0,https://raw.githubusercontent.com/PokeAPI/sprites/master/sprites/pokemon/260.png
261,Poochyena,Dark,NULL,220,35,55,35,30,30,35,3,0,0,https://raw.githubusercontent.com/PokeAPI/sprites/master/sprites/pokemon/261.png
262,Mightyena,Dark,NULL,420,70,90,70,60,60,70,3,0,0,https://raw.githubusercontent.com/PokeAPI/sprites/master/sprites/pokemon/262.png
263,Zigzagoon,Normal,NULL,240,38,30,41,30,41,60,3,0,0,https://raw.githubusercontent.com/PokeAPI/sprites/master/sprites/pokemon/263.png
264,Linoone,Normal,NULL,420,78,70,61,50,61,100,3,0,1,https://raw.githubusercontent.com/PokeAPI/sprites/master/sprites/pokemon/264.png
265,Wurmple,Bug,NULL,195,45,45,35,20,30,20,3,0,0,https://raw.githubusercontent.com/PokeAPI/sprites/master/sprites/pokemon/265.png
266,Silcoon,Bug,NULL,205,50,35,55,25,25,15,3,0,0,https://raw.githubusercontent.com/PokeAPI/sprites/master/sprites/pokemon/266.png
267,Beautifly,Bug,Flying,395,60,70,50,100,50,65,3,0,0,https://raw.githubusercontent.com/PokeAPI/sprites/master/sprites/pokemon/267.png
268,Cascoon,Bug,NULL,205,50,35,55,25,25,15,3,0,0,https://raw.githubusercontent.com/PokeAPI/sprites/master/sprites/pokemon/268.png
269,Dustox,Bug,Poison,385,60,50,70,50,90,65,3,0,0,https://raw.githubusercontent.com/PokeAPI/sprites/master/sprites/pokemon/269.png
270,Lotad,Water,Grass,220,40,30,30,40,50,30,3,0,0,https://raw.githubusercontent.com/PokeAPI/sprites/master/sprites/pokemon/270.png
271,Lombre,Water,Grass,340,60,50,50,60,70,50,3,0,0,https://raw.githubusercontent.com/PokeAPI/sprites/master/sprites/pokemon/271.png
272,Ludicolo,Water,Grass,480,80,70,70,90,100,70,3,0,0,https://raw.githubusercontent.com/PokeAPI/sprites/master/sprites/pokemon/272.png
273,Seedot,Grass,NULL,220,40,40,50,30,30,30,3,0,0,https://raw.githubusercontent.com/PokeAPI/sprites/master/sprites/pokemon/273.png
274,Nuzleaf,Grass,Dark,340,70,70,40,60,40,60,3,0,0,https://raw.githubusercontent.com/PokeAPI/sprites/master/sprites/pokemon/274.png
275,Shiftry,Grass,Dark,480,90,100,60,90,60,80,3,0,0,https://raw.githubusercontent.com/PokeAPI/sprites/master/sprites/pokemon/275.png
276,Taillow,Normal,Flying,270,40,55,30,30,30,85,3,0,0,https://raw.githubusercontent.com/PokeAPI/sprites/master/sprites/pokemon/276.png
277,Swellow,Normal,Flying,430,60,85,60,50,50,125,3,0,0,https://raw.githubusercontent.com/PokeAPI/sprites/master/sprites/pokemon/277.png
278,Wingull,Water,Flying,270,40,30,30,55,30,85,3,0,0,https://raw.githubusercontent.com/PokeAPI/sprites/master/sprites/pokemon/278.png
279,Pelipper,Water,Flying,430,60,50,100,85,70,65,3,0,0,https://raw.githubusercontent.com/PokeAPI/sprites/master/sprites/pokemon/279.png
280,Ralts,Psychic,Fairy,198,28,25,25,45,35,40,3,0,0,https://raw.githubusercontent.com/PokeAPI/sprites/master/sprites/pokemon/280.png
281,Kirlia,Psychic,Fairy,278,38,35,35,65,55,50,3,0,0,https://raw.githubusercontent.com/PokeAPI/sprites/master/sprites/pokemon/281.png
282,Gardevoir,Psychic,Fairy,518,68,65,65,125,115,80,3,0,0,https://raw.githubusercontent.com/PokeAPI/sprites/master/sprites/pokemon/282.png
283,Surskit,Bug,Water,269,40,30,32,50,52,65,3,0,0,https://raw.githubusercontent.com/PokeAPI/sprites/master/sprites/pokemon/283.png
284,Masquerain,Bug,Flying,414,70,60,62,80,82,60,3,0,1,https://raw.githubusercontent.com/PokeAPI/sprites/master/sprites/pokemon/284.png
285,Shroomish,Grass,NULL,295,60,40,60,40,60,35,3,0,0,https://raw.githubusercontent.com/PokeAPI/sprites/master/sprites/pokemon/285.png
286,Breloom,Grass,Fighting,460,60,130,80,60,60,70,3,0,0,https://raw.githubusercontent.com/PokeAPI/sprites/master/sprites/pokemon/286.png
287,Slakoth,Normal,NULL,280,60,60,60,35,35,30,3,0,0,https://raw.githubusercontent.com/PokeAPI/sprites/master/sprites/pokemon/287.png
288,Vigoroth,Normal,NULL,440,80,80,80,55,55,90,3,0,0,https://raw.githubusercontent.com/PokeAPI/sprites/master/sprites/pokemon/288.png
289,Slaking,Normal,NULL,670,150,160,100,95,65,100,3,0,0,https://raw.githubusercontent.com/PokeAPI/sprites/master/sprites/pokemon/289.png
290,Nincada,Bug,Ground,266,31,45,90,30,30,40,3,0,0,https://raw.githubusercontent.com/PokeAPI/sprites/master/sprites/pokemon/290.png
291,Ninjask,Bug,Flying,456,61,90,45,50,50,160,3,0,0,https://raw.githubusercontent.com/PokeAPI/sprites/master/sprites/pokemon/291.png
292,Shedinja,Bug,Ghost,236,1,90,45,30,30,40,3,0,0,https://raw.githubusercontent.com/PokeAPI/sprites/master/sprites/pokemon/292.png
293,Whismur,Normal,NULL,240,64,51,23,51,23,28,3,0,0,https://raw.githubusercontent.com/PokeAPI/sprites/master/sprites/pokemon/293.png
294,Loudred,Normal,NULL,360,84,71,43,71,43,48,3,0,0,https://raw.githubusercontent.com/PokeAPI/sprites/master/sprites/pokemon/294.png
295,Exploud,Normal,NULL,490,104,91,63,91,73,68,3,0,0,https://raw.githubusercontent.com/PokeAPI/sprites/master/sprites/pokemon/295.png
296,Makuhita,Fighting,NULL,237,72,60,30,20,30,25,3,0,0,https://raw.githubusercontent.com/PokeAPI/sprites/master/sprites/pokemon/296.png
297,Hariyama,Fighting,NULL,474,144,120,60,40,60,50,3,0,0,https://raw.githubusercontent.com/PokeAPI/sprites/master/sprites/pokemon/297.png
298,Azurill,Normal,Fairy,190,50,20,40,20,40,20,3,0,0,https://raw.githubusercontent.com/PokeAPI/sprites/master/sprites/pokemon/298.png
299,Nosepass,Rock,NULL,375,30,45,135,45,90,30,3,0,0,https://raw.githubusercontent.com/PokeAPI/sprites/master/sprites/pokemon/299.png
300,Skitty,Normal,NULL,260,50,45,45,35,35,50,3,0,0,https://raw.githubusercontent.com/PokeAPI/sprites/master/sprites/pokemon/300.png
301,Delcatty,Normal,NULL,380,70,65,65,55,55,70,3,0,0,https://raw.githubusercontent.com/PokeAPI/sprites/master/sprites/pokemon/301.png
302,Sableye,Dark,Ghost,380,50,75,75,65,65,50,3,0,0,https://raw.githubusercontent.com/PokeAPI/sprites/master/sprites/pokemon/302.png
303,Mawile,Steel,Fairy,380,50,85,85,55,55,50,3,0,0,https://raw.githubusercontent.com/PokeAPI/sprites/master/sprites/pokemon/303.png
304,Aron,Steel,Rock,330,50,70,100,40,40,30,3,0,0,https://raw.githubusercontent.com/PokeAPI/sprites/master/sprites/pokemon/304.png
305,Lairon,Steel,Rock,430,60,90,140,50,50,40,3,0,0,https://raw.githubusercontent.com/PokeAPI/sprites/master/sprites/pokemon/305.png
306,Aggron,Steel,Rock,530,70,110,180,60,60,50,3,0,0,https://raw.githubusercontent.com/PokeAPI/sprites/master/sprites/pokemon/306.png
307,Meditite,Fighting,Psychic,280,30,40,55,40,55,60,3,0,0,https://raw.githubusercontent.com/PokeAPI/sprites/master/sprites/pokemon/307.png
308,Medicham,Fighting,Psychic,410,60,60,75,60,75,80,3,0,0,https://raw.githubusercontent.com/PokeAPI/sprites/master/sprites/pokemon/308.png
309,Electrike,Electric,NULL,295,40,45,40,65,40,65,3,0,0,https://raw.githubusercontent.com/PokeAPI/sprites/master/sprites/pokemon/309.png
310,Manectric,Electric,NULL,475,70,75,60,105,60,105,3,0,0,https://raw.githubusercontent.com/PokeAPI/sprites/master/sprites/pokemon/310.png
311,Plusle,Electric,NULL,405,60,50,40,85,75,95,3,0,0,https://raw.githubusercontent.com/PokeAPI/sprites/master/sprites/pokemon/311.png
312,Minun,Electric,NULL,405,60,40,50,75,85,95,3,0,0,https://raw.githubusercontent.com/PokeAPI/sprites/master/sprites/pokemon/312.png
313,Volbeat,Bug,NULL,400,65,73,55,47,75,85,3,0,0,https://raw.githubusercontent.com/PokeAPI/sprites/master/sprites/pokemon/313.png
314,Illumise,Bug,NULL,400,65,47,55,73,75,85,3,0,0,https://raw.githubusercontent.com/PokeAPI/sprites/master/sprites/pokemon/314.png
315,Roselia,Grass,Poison,400,50,60,45,100,80,65,3,0,0,https://raw.githubusercontent.com/PokeAPI/sprites/master/sprites/pokemon/315.png
316,Gulpin,Poison,NULL,302,70,43,53,43,53,40,3,0,0,https://raw.githubusercontent.com/PokeAPI/sprites/master/sprites/pokemon/316.png
317,Swalot,Poison,NULL,467,100,73,83,73,83,55,3,0,0,https://raw.githubusercontent.com/PokeAPI/sprites/master/sprites/pokemon/317.png
318,Carvanha,Water,Dark,305,45,90,20,65,20,65,3,0,0,https://raw.githubusercontent.com/PokeAPI/sprites/master/sprites/pokemon/318.png
319,Sharpedo,Water,Dark,460,70,120,40,95,40,95,3,0,0,https://raw.githubusercontent.com/PokeAPI/sprites/master/sprites/pokemon/319.png
320,Wailmer,Water,NULL,400,130,70,35,70,35,60,3,0,0,https://raw.githubusercontent.com/PokeAPI/sprites/master/sprites/pokemon/320.png
321,Wailord,Water,NULL,500,170,90,45,90,45,60,3,0,0,https://raw.githubusercontent.com/PokeAPI/sprites/master/sprites/pokemon/321.png
322,Numel,Fire,Ground,305,60,60,40,65,45,35,3,0,0,https://raw.githubusercontent.com/PokeAPI/sprites/master/sprites/pokemon/322.png
323,Camerupt,Fire,Ground,460,70,100,70,105,75,40,3,0,0,https://raw.githubusercontent.com/PokeAPI/sprites/master/sprites/pokemon/323.png
324,Torkoal,Fire,NULL,470,70,85,140,85,70,20,3,0,0,https://raw.githubusercontent.com/PokeAPI/sprites/master/sprites/pokemon/324.png
325,Spoink,Psychic,NULL,330,60,25,35,70,80,60,3,0,0,https://raw.githubusercontent.com/PokeAPI/sprites/master/sprites/pokemon/325.png
326,Grumpig,Psychic,NULL,470,80,45,65,90,110,80,3,0,0,https://raw.githubusercontent.com/PokeAPI/sprites/master/sprites/pokemon/326.png
327,Spinda,Normal,NULL,360,60,60,60,60,60,60,3,0,0,https://raw.githubusercontent.com/PokeAPI/sprites/master/sprites/pokemon/327.png
328,Trapinch,Ground,NULL,290,45,100,45,45,45,10,3,0,0,https://raw.githubusercontent.com/PokeAPI/sprites/master/sprites/pokemon/328.png
329,Vibrava,Ground,Dragon,340,50,70,50,50,50,70,3,0,0,https://raw.githubusercontent.com/PokeAPI/sprites/master/sprites/pokemon/329.png
330,Flygon,Ground,Dragon,520,80,100,80,80,80,100,3,0,0,https://raw.githubusercontent.com/PokeAPI/sprites/master/sprites/pokemon/330.png
331,Cacnea,Grass,NULL,335,50,85,40,85,40,35,3,0,0,https://raw.githubusercontent.com/PokeAPI/sprites/master/sprites/pokemon/331.png
332,Cacturne,Grass,Dark,475,70,115,60,115,60,55,3,0,1,https://raw.githubusercontent.com/PokeAPI/sprites/master/sprites/pokemon/332.png
333,Swablu,Normal,Flying,310,45,40,60,40,75,50,3,0,1,https://raw.githubusercontent.com/PokeAPI/sprites/master/sprites/pokemon/333.png
334,Altaria,Dragon,Flying,490,75,70,90,70,105,80,3,0,0,https://raw.githubusercontent.com/PokeAPI/sprites/master/sprites/pokemon/334.png
335,Zangoose,Normal,NULL,458,73,115,60,60,60,90,3,0,1,https://raw.githubusercontent.com/PokeAPI/sprites/master/sprites/pokemon/335.png
336,Seviper,Poison,NULL,458,73,100,60,100,60,65,3,0,0,https://raw.githubusercontent.com/PokeAPI/sprites/master/sprites/pokemon/336.png
337,Lunatone,Rock,Psychic,440,70,55,65,95,85,70,3,0,0,https://raw.githubusercontent.com/PokeAPI/sprites/master/sprites/pokemon/337.png
338,Solrock,Rock,Psychic,440,70,95,85,55,65,70,3,0,0,https://raw.githubusercontent.com/PokeAPI/sprites/master/sprites/pokemon/338.png
339,Barboach,Water,Ground,288,50,48,43,46,41,60,3,0,0,https://raw.githubusercontent.com/PokeAPI/sprites/master/sprites/pokemon/339.png
340,Whiscash,Water,Ground,468,110,78,73,76,71,60,3,0,0,https://raw.githubusercontent.com/PokeAPI/sprites/master/sprites/pokemon/340.png
341,Corphish,Water,NULL,308,43,80,65,50,35,35,3,0,0,https://raw.githubusercontent.com/PokeAPI/sprites/master/sprites/pokemon/341.png
342,Crawdaunt,Water,Dark,468,63,120,85,90,55,55,3,0,0,https://raw.githubusercontent.com/PokeAPI/sprites/master/sprites/pokemon/342.png
343,Baltoy,Ground,Psychic,300,40,40,55,40,70,55,3,0,1,https://raw.githubusercontent.com/PokeAPI/sprites/master/sprites/pokemon/343.png
344,Claydol,Ground,Psychic,500,60,70,105,70,120,75,3,0,0,https://raw.githubusercontent.com/PokeAPI/sprites/master/sprites/pokemon/344.png
345,Lileep,Rock,Grass,355,66,41,77,61,87,23,3,0,0,https://raw.githubusercontent.com/PokeAPI/sprites/master/sprites/pokemon/345.png
346,Cradily,Rock,Grass,495,86,81,97,81,107,43,3,0,0,https://raw.githubusercontent.com/PokeAPI/sprites/master/sprites/pokemon/346.png
347,Anorith,Rock,Bug,355,45,95,50,40,50,75,3,0,0,https://raw.githubusercontent.com/PokeAPI/sprites/master/sprites/pokemon/347.png
348,Armaldo,Rock,Bug,495,75,125,100,70,80,45,3,0,0,https://raw.githubusercontent.com/PokeAPI/sprites/master/sprites/pokemon/348.png
349,Feebas,Water,NULL,200,20,15,20,10,55,80,3,0,0,https://raw.githubusercontent.com/PokeAPI/sprites/master/sprites/pokemon/349.png
350,Milotic,Water,NULL,540,95,60,79,100,125,81,3,0,0,https://raw.githubusercontent.com/PokeAPI/sprites/master/sprites/pokemon/350.png
351,Castform,Normal,NULL,420,70,70,70,70,70,70,3,0,0,https://raw.githubusercontent.com/PokeAPI/sprites/master/sprites/pokemon/351.png
352,Kecleon,Normal,NULL,440,60,90,70,60,120,40,3,0,0,https://raw.githubusercontent.com/PokeAPI/sprites/master/sprites/pokemon/352.png
353,Shuppet,Ghost,NULL,295,44,75,35,63,33,45,3,0,0,https://raw.githubusercontent.com/PokeAPI/sprites/master/sprites/pokemon/353.png
354,Banette,Ghost,NULL,455,64,115,65,83,63,65,3,0,0,https://raw.githubusercontent.com/PokeAPI/sprites/master/sprites/pokemon/354.png
355,Duskull,Ghost,NULL,295,20,40,90,30,90,25,3,0,0,https://raw.githubusercontent.com/PokeAPI/sprites/master/sprites/pokemon/355.png
356,Dusclops,Ghost,NULL,455,40,70,130,60,130,25,3,0,0,https://raw.githubusercontent.com/PokeAPI/sprites/master/sprites/pokemon/356.png
357,Tropius,Grass,Flying,460,99,68,83,72,87,51,3,0,0,https://raw.githubusercontent.com/PokeAPI/sprites/master/sprites/pokemon/357.png
358,Chimecho,Psychic,NULL,425,65,50,70,95,80,65,3,0,0,https://raw.githubusercontent.com/PokeAPI/sprites/master/sprites/pokemon/358.png
359,Absol,Dark,NULL,465,65,130,60,75,60,75,3,0,0,https://raw.githubusercontent.com/PokeAPI/sprites/master/sprites/pokemon/359.png
360,Wynaut,Psychic,NULL,260,95,23,48,23,48,23,3,0,0,https://raw.githubusercontent.com/PokeAPI/sprites/master/sprites/pokemon/360.png
361,Snorunt,Ice,NULL,300,50,50,50,50,50,50,3,0,0,https://raw.githubusercontent.com/PokeAPI/sprites/master/sprites/pokemon/361.png
362,Glalie,Ice,NULL,480,80,80,80,80,80,80,3,0,0,https://raw.githubusercontent.com/PokeAPI/sprites/master/sprites/pokemon/362.png
363,Spheal,Ice,Water,290,70,40,50,55,50,25,3,0,0,https://raw.githubusercontent.com/PokeAPI/sprites/master/sprites/pokemon/363.png
364,Sealeo,Ice,Water,410,90,60,70,75,70,45,3,0,0,https://raw.githubusercontent.com/PokeAPI/sprites/master/sprites/pokemon/364.png
365,Walrein,Ice,Water,530,110,80,90,95,90,65,3,0,0,https://raw.githubusercontent.com/PokeAPI/sprites/master/sprites/pokemon/365.png
366,Clamperl,Water,NULL,345,35,64,85,74,55,32,3,0,0,https://raw.githubusercontent.com/PokeAPI/sprites/master/sprites/pokemon/366.png
367,Huntail,Water,NULL,485,55,104,105,94,75,52,3,0,0,https://raw.githubusercontent.com/PokeAPI/sprites/master/sprites/pokemon/367.png
368,Gorebyss,Water,NULL,485,55,84,105,114,75,52,3,0,0,https://raw.githubusercontent.com/PokeAPI/sprites/master/sprites/pokemon/368.png
369,Relicanth,Water,Rock,485,100,90,130,45,65,55,3,0,0,https://raw.githubusercontent.com/PokeAPI/sprites/master/sprites/pokemon/369.png
370,Luvdisc,Water,NULL,330,43,30,55,40,65,97,3,0,0,https://raw.githubusercontent.com/PokeAPI/sprites/master/sprites/pokemon/370.png
371,Bagon,Dragon,NULL,300,45,75,60,40,30,50,3,0,0,https://raw.githubusercontent.com/PokeAPI/sprites/master/sprites/pokemon/371.png
372,Shelgon,Dragon,NULL,420,65,95,100,60,50,50,3,0,0,https://raw.githubusercontent.com/PokeAPI/sprites/master/sprites/pokemon/372.png
373,Salamence,Dragon,Flying,600,95,135,80,110,80,100,3,0,0,https://raw.githubusercontent.com/PokeAPI/sprites/master/sprites/pokemon/373.png
374,Beldum,Steel,Psychic,300,40,55,80,35,60,30,3,0,1,https://raw.githubusercontent.com/PokeAPI/sprites/master/sprites/pokemon/374.png
375,Metang,Steel,Psychic,420,60,75,100,55,80,50,3,0,0,https://raw.githubusercontent.com/PokeAPI/sprites/master/sprites/pokemon/375.png
376,Metagross,Steel,Psychic,600,80,135,130,95,90,70,3,0,0,https://raw.githubusercontent.com/PokeAPI/sprites/master/sprites/pokemon/376.png
377,Regirock,Rock,NULL,580,80,100,200,50,100,50,3,1,0,https://raw.githubusercontent.com/PokeAPI/sprites/master/sprites/pokemon/377.png
378,Regice,Ice,NULL,580,80,50,100,100,200,50,3,1,0,https://raw.githubusercontent.com/PokeAPI/sprites/master/sprites/pokemon/378.png
379,Registeel,Steel,NULL,580,80,75,150,75,150,50,3,1,0,https://raw.githubusercontent.com/PokeAPI/sprites/master/sprites/pokemon/379.png
380,Latias,Dragon,Psychic,600,80,80,90,110,130,110,3,1,0,https://raw.githubusercontent.com/PokeAPI/sprites/master/sprites/pokemon/380.png
381,Latios,Dragon,Psychic,600,80,90,80,130,110,110,3,1,0,https://raw.githubusercontent.com/PokeAPI/sprites/master/sprites/pokemon/381.png
382,Kyogre,Water,NULL,670,100,100,90,150,140,90,3,1,0,https://raw.githubusercontent.com/PokeAPI/sprites/master/sprites/pokemon/382.png
383,Groudon,Ground,NULL,670,100,150,140,100,90,90,3,1,0,https://raw.githubusercontent.com/PokeAPI/sprites/master/sprites/pokemon/383.png
384,Rayquaza,Dragon,Flying,680,105,150,90,150,90,95,3,1,0,https://raw.githubusercontent.com/PokeAPI/sprites/master/sprites/pokemon/384.png
385,Jirachi,Steel,Psychic,600,100,100,100,100,100,100,3,1,0,https://raw.githubusercontent.com/PokeAPI/sprites/master/sprites/pokemon/385.png
386,DeoxysNormal Forme,Psychic,NULL,600,50,150,50,150,50,150,3,1,0,https://raw.githubusercontent.com/PokeAPI/sprites/master/sprites/pokemon/386.png
387,Turtwig,Grass,NULL,318,55,68,64,45,55,31,4,0,1,https://raw.githubusercontent.com/PokeAPI/sprites/master/sprites/pokemon/387.png
388,Grotle,Grass,NULL,405,75,89,85,55,65,36,4,0,0,https://raw.githubusercontent.com/PokeAPI/sprites/master/sprites/pokemon/388.png
389,Torterra,Grass,Ground,525,95,109,105,75,85,56,4,0,0,https://raw.githubusercontent.com/PokeAPI/sprites/master/sprites/pokemon/389.png
390,Chimchar,Fire,NULL,309,44,58,44,58,44,61,4,0,0,https://raw.githubusercontent.com/PokeAPI/sprites/master/sprites/pokemon/390.png
391,Monferno,Fire,Fighting,405,64,78,52,78,52,81,4,0,0,https://raw.githubusercontent.com/PokeAPI/sprites/master/sprites/pokemon/391.png
392,Infernape,Fire,Fighting,534,76,104,71,104,71,108,4,0,0,https://raw.githubusercontent.com/PokeAPI/sprites/master/sprites/pokemon/392.png
393,Piplup,Water,NULL,314,53,51,53,61,56,40,4,0,0,https://raw.githubusercontent.com/PokeAPI/sprites/master/sprites/pokemon/393.png
394,Prinplup,Water,NULL,405,64,66,68,81,76,50,4,0,0,https://raw.githubusercontent.com/PokeAPI/sprites/master/sprites/pokemon/394.png
395,Empoleon,Water,Steel,530,84,86,88,111,101,60,4,0,0,https://raw.githubusercontent.com/PokeAPI/sprites/master/sprites/pokemon/395.png
396,Starly,Normal,Flying,245,40,55,30,30,30,60,4,0,0,https://raw.githubusercontent.com/PokeAPI/sprites/master/sprites/pokemon/396.png
397,Staravia,Normal,Flying,340,55,75,50,40,40,80,4,0,1,https://raw.githubusercontent.com/PokeAPI/sprites/master/sprites/pokemon/397.png
398,Staraptor,Normal,Flying,485,85,120,70,50,60,100,4,0,0,https://raw.githubusercontent.com/PokeAPI/sprites/master/sprites/pokemon/398.png
399,Bidoof,Normal,NULL,250,59,45,40,35,40,31,4,0,0,https://raw.githubusercontent.com/PokeAPI/sprites/master/sprites/pokemon/399.png
400,Bibarel,Normal,Water,410,79,85,60,55,60,71,4,0,0,https://raw.githubusercontent.com/PokeAPI/sprites/master/sprites/pokemon/400.png
401,Kricketot,Bug,NULL,194,37,25,41,25,41,25,4,0,0,https://raw.githubusercontent.com/PokeAPI/sprites/master/sprites/pokemon/401.png
402,Kricketune,Bug,NULL,384,77,85,51,55,51,65,4,0,0,https://raw.githubusercontent.com/PokeAPI/sprites/master/sprites/pokemon/402.png
403,Shinx,Electric,NULL,263,45,65,34,40,34,45,4,0,0,https://raw.githubusercontent.com/PokeAPI/sprites/master/sprites/pokemon/403.png
404,Luxio,Electric,NULL,363,60,85,49,60,49,60,4,0,0,https://raw.githubusercontent.com/PokeAPI/sprites/master/sprites/pokemon/404.png
405,Luxray,Electric,NULL,523,80,120,79,95,79,70,4,0,0,https://raw.githubusercontent.com/PokeAPI/sprites/master/sprites/pokemon/405.png
406,Budew,Grass,Poison,280,40,30,35,50,70,55,4,0,0,https://raw.githubusercontent.com/PokeAPI/sprites/master/sprites/pokemon/406.png
407,Roserade,Grass,Poison,515,60,70,65,125,105,90,4,0,0,https://raw.githubusercontent.com/PokeAPI/sprites/master/sprites/pokemon/407.png
408,Cranidos,Rock,NULL,350,67,125,40,30,30,58,4,0,0,https://raw.githubusercontent.com/PokeAPI/sprites/master/sprites/pokemon/408.png
409,Rampardos,Rock,NULL,495,97,165,60,65,50,58,4,0,0,https://raw.githubusercontent.com/PokeAPI/sprites/master/sprites/pokemon/409.png
410,Shieldon,Rock,Steel,350,30,42,118,42,88,30,4,0,0,https://raw.githubusercontent.com/PokeAPI/sprites/master/sprites/pokemon/410.png
411,Bastiodon,Rock,Steel,495,60,52,168,47,138,30,4,0,0,https://raw.githubusercontent.com/PokeAPI/sprites/master/sprites/pokemon/411.png
412,Burmy,Bug,NULL,224,40,29,45,29,45,36,4,0,0,https://raw.githubusercontent.com/PokeAPI/sprites/master/sprites/pokemon/412.png
413,WormadamPlant Cloak,Bug,Grass,424,60,59,85,79,105,36,4,0,0,https://raw.githubusercontent.com/PokeAPI/sprites/master/sprites/pokemon/413.png
414,Mothim,Bug,Flying,424,70,94,50,94,50,66,4,0,0,https://raw.githubusercontent.com/PokeAPI/sprites/master/sprites/pokemon/414.png
415,Combee,Bug,Flying,244,30,30,42,30,42,70,4,0,0,https://raw.githubusercontent.com/PokeAPI/sprites/master/sprites/pokemon/415.png
416,Vespiquen,Bug,Flying,474,70,80,102,80,102,40,4,0,1,https://raw.githubusercontent.com/PokeAPI/sprites/master/sprites/pokemon/416.png
417,Pachirisu,Electric,NULL,405,60,45,70,45,90,95,4,0,0,https://raw.githubusercontent.com/PokeAPI/sprites/master/sprites/pokemon/417.png
418,Buizel,Water,NULL,330,55,65,35,60,30,85,4,0,0,https://raw.githubusercontent.com/PokeAPI/sprites/master/sprites/pokemon/418.png
419,Floatzel,Water,NULL,495,85,105,55,85,50,115,4,0,0,https://raw.githubusercontent.com/PokeAPI/sprites/master/sprites/pokemon/419.png
420,Cherubi,Grass,NULL,275,45,35,45,62,53,35,4,0,0,https://raw.githubusercontent.com/PokeAPI/sprites/master/sprites/pokemon/420.png
421,Cherrim,Grass,NULL,450,70,60,70,87,78,85,4,0,0,https://raw.githubusercontent.com/PokeAPI/sprites/master/sprites/pokemon/421.png
422,Shellos,Water,NULL,325,76,48,48,57,62,34,4,0,0,https://raw.githubusercontent.com/PokeAPI/sprites/master/sprites/pokemon/422.png
423,Gastrodon,Water,Ground,475,111,83,68,92,82,39,4,0,0,https://raw.githubusercontent.com/PokeAPI/sprites/master/sprites/pokemon/423.png
424,Ambipom,Normal,NULL,482,75,100,66,60,66,115,4,0,0,https://raw.githubusercontent.com/PokeAPI/sprites/master/sprites/pokemon/424.png
425,Drifloon,Ghost,Flying,348,90,50,34,60,44,70,4,0,0,https://raw.githubusercontent.com/PokeAPI/sprites/master/sprites/pokemon/425.png
426,Drifblim,Ghost,Flying,498,150,80,44,90,54,80,4,0,0,https://raw.githubusercontent.com/PokeAPI/sprites/master/sprites/pokemon/426.png
427,Buneary,Normal,NULL,350,55,66,44,44,56,85,4,0,0,https://raw.githubusercontent.com/PokeAPI/sprites/master/sprites/pokemon/427.png
428,Lopunny,Normal,NULL,480,65,76,84,54,96,105,4,0,0,https://raw.githubusercontent.com/PokeAPI/sprites/master/sprites/pokemon/428.png
429,Mismagius,Ghost,NULL,495,60,60,60,105,105,105,4,0,0,https://raw.githubusercontent.com/PokeAPI/sprites/master/sprites/pokemon/429.png
430,Honchkrow,Dark,Flying,505,100,125,52,105,52,71,4,0,0,https://raw.githubusercontent.com/PokeAPI/sprites/master/sprites/pokemon/430.png
431,Glameow,Normal,NULL,310,49,55,42,42,37,85,4,0,0,https://raw.githubusercontent.com/PokeAPI/sprites/master/sprites/pokemon/431.png
432,Purugly,Normal,NULL,452,71,82,64,64,59,112,4,0,0,https://raw.githubusercontent.com/PokeAPI/sprites/master/sprites/pokemon/432.png
433,Chingling,Psychic,NULL,285,45,30,50,65,50,45,4,0,0,https://raw.githubusercontent.com/PokeAPI/sprites/master/sprites/pokemon/433.png
434,Stunky,Poison,Dark,329,63,63,47,41,41,74,4,0,0,https://raw.githubusercontent.com/PokeAPI/sprites/master/sprites/pokemon/434.png
435,Skuntank,Poison,Dark,479,103,93,67,71,61,84,4,0,0,https://raw.githubusercontent.com/PokeAPI/sprites/master/sprites/pokemon/435.png
436,Bronzor,Steel,Psychic,300,57,24,86,24,86,23,4,0,1,https://raw.githubusercontent.com/PokeAPI/sprites/master/sprites/pokemon/436.png
437,Bronzong,Steel,Psychic,500,67,89,116,79,116,33,4,0,0,https://raw.githubusercontent.com/PokeAPI/sprites/master/sprites/pokemon/437.png
438,Bonsly,Rock,NULL,290,50,80,95,10,45,10,4,0,0,https://raw.githubusercontent.com/PokeAPI/sprites/master/sprites/pokemon/438.png
439,Mime Jr.,Psychic,Fairy,310,20,25,45,70,90,60,4,0,0,https://raw.githubusercontent.com/PokeAPI/sprites/master/sprites/pokemon/439.png
440,Happiny,Normal,NULL,220,100,5,5,15,65,30,4,0,0,https://raw.githubusercontent.com/PokeAPI/sprites/master/sprites/pokemon/440.png
441,Chatot,Normal,Flying,411,76,65,45,92,42,91,4,0,0,https://raw.githubusercontent.com/PokeAPI/sprites/master/sprites/pokemon/441.png
442,Spiritomb,Ghost,Dark,485,50,92,108,92,108,35,4,0,0,https://raw.githubusercontent.com/PokeAPI/sprites/master/sprites/pokemon/442.png
443,Gible,Dragon,Ground,300,58,70,45,40,45,42,4,0,0,https://raw.githubusercontent.com/PokeAPI/sprites/master/sprites/pokemon/443.png
444,Gabite,Dragon,Ground,410,68,90,65,50,55,82,4,0,0,https://raw.githubusercontent.com/PokeAPI/sprites/master/sprites/pokemon/444.png
445,Garchomp,Dragon,Ground,600,108,130,95,80,85,102,4,0,0,https://raw.githubusercontent.com/PokeAPI/sprites/master/sprites/pokemon/445.png
446,Munchlax,Normal,NULL,390,135,85,40,40,85,5,4,0,0,https://raw.githubusercontent.com/PokeAPI/sprites/master/sprites/pokemon/446.png
447,Riolu,Fighting,NULL,285,40,70,40,35,40,60,4,0,0,https://raw.githubusercontent.com/PokeAPI/sprites/master/sprites/pokemon/447.png
448,Lucario,Fighting,Steel,525,70,110,70,115,70,90,4,0,0,https://raw.githubusercontent.com/PokeAPI/sprites/master/sprites/pokemon/448.png
449,Hippopotas,Ground,NULL,330,68,72,78,38,42,32,4,0,1,https://raw.githubusercontent.com/PokeAPI/sprites/master/sprites/pokemon/449.png
450,Hippowdon,Ground,NULL,525,108,112,118,68,72,47,4,0,0,https://raw.githubusercontent.com/PokeAPI/sprites/master/sprites/pokemon/450.png
451,Skorupi,Poison,Bug,330,40,50,90,30,55,65,4,0,0,https://raw.githubusercontent.com/PokeAPI/sprites/master/sprites/pokemon/451.png
452,Drapion,Poison,Dark,500,70,90,110,60,75,95,4,0,0,https://raw.githubusercontent.com/PokeAPI/sprites/master/sprites/pokemon/452.png
453,Croagunk,Poison,Fighting,300,48,61,40,61,40,50,4,0,0,https://raw.githubusercontent.com/PokeAPI/sprites/master/sprites/pokemon/453.png
454,Toxicroak,Poison,Fighting,490,83,106,65,86,65,85,4,0,0,https://raw.githubusercontent.com/PokeAPI/sprites/master/sprites/pokemon/454.png
455,Carnivine,Grass,NULL,454,74,100,72,90,72,46,4,0,0,https://raw.githubusercontent.com/PokeAPI/sprites/master/sprites/pokemon/455.png
456,Finneon,Water,NULL,330,49,49,56,49,61,66,4,0,0,https://raw.githubusercontent.com/PokeAPI/sprites/master/sprites/pokemon/456.png
457,Lumineon,Water,NULL,460,69,69,76,69,86,91,4,0,0,https://raw.githubusercontent.com/PokeAPI/sprites/master/sprites/pokemon/457.png
458,Mantyke,Water,Flying,345,45,20,50,60,120,50,4,0,0,https://raw.githubusercontent.com/PokeAPI/sprites/master/sprites/pokemon/458.png
459,Snover,Grass,Ice,334,60,62,50,62,60,40,4,0,0,https://raw.githubusercontent.com/PokeAPI/sprites/master/sprites/pokemon/459.png
460,Abomasnow,Grass,Ice,494,90,92,75,92,85,60,4,0,0,https://raw.githubusercontent.com/PokeAPI/sprites/master/sprites/pokemon/460.png
461,Weavile,Dark,Ice,510,70,120,65,45,85,125,4,0,0,https://raw.githubusercontent.com/PokeAPI/sprites/master/sprites/pokemon/461.png
462,Magnezone,Electric,Steel,535,70,70,115,130,90,60,4,0,0,https://raw.githubusercontent.com/PokeAPI/sprites/master/sprites/pokemon/462.png
463,Lickilicky,Normal,NULL,515,110,85,95,80,95,50,4,0,0,https://raw.githubusercontent.com/PokeAPI/sprites/master/sprites/pokemon/463.png
464,Rhyperior,Ground,Rock,535,115,140,130,55,55,40,4,0,0,https://raw.githubusercontent.com/PokeAPI/sprites/master/sprites/pokemon/464.png
465,Tangrowth,Grass,NULL,535,100,100,125,110,50,50,4,0,0,https://raw.githubusercontent.com/PokeAPI/sprites/master/sprites/pokemon/465.png
466,Electivire,Electric,NULL,540,75,123,67,95,85,95,4,0,0,https://raw.githubusercontent.com/PokeAPI/sprites/master/sprites/pokemon/466.png
467,Magmortar,Fire,NULL,540,75,95,67,125,95,83,4,0,0,https://raw.githubusercontent.com/PokeAPI/sprites/master/sprites/pokemon/467.png
468,Togekiss,Fairy,Flying,545,85,50,95,120,115,80,4,0,0,https://raw.githubusercontent.com/PokeAPI/sprites/master/sprites/pokemon/468.png
470,Leafeon,Grass,NULL,525,65,110,130,60,65,95,4,0,1,https://raw.githubusercontent.com/PokeAPI/sprites/master/sprites/pokemon/470.png
471,Glaceon,Ice,NULL,525,65,60,110,130,95,65,4,0,0,https://raw.githubusercontent.com/PokeAPI/sprites/master/sprites/pokemon/471.png
472,Gliscor,Ground,Flying,510,75,95,125,45,75,95,4,0,0,https://raw.githubusercontent.com/PokeAPI/sprites/master/sprites/pokemon/472.png
473,Mamoswine,Ice,Ground,530,110,130,80,70,60,80,4,0,0,https://raw.githubusercontent.com/PokeAPI/sprites/master/sprites/pokemon/473.png
474,Porygon-Z,Normal,NULL,535,85,80,70,135,75,90,4,0,0,https://raw.githubusercontent.com/PokeAPI/sprites/master/sprites/pokemon/474.png
475,Gallade,Psychic,Fighting,518,68,125,65,65,115,80,4,0,0,https://raw.githubusercontent.com/PokeAPI/sprites/master/sprites/pokemon/475.png
476,Probopass,Rock,Steel,525,60,55,145,75,150,40,4,0,0,https://raw.githubusercontent.com/PokeAPI/sprites/master/sprites/pokemon/476.png
477,Dusknoir,Ghost,NULL,525,45,100,135,65,135,45,4,0,0,https://raw.githubusercontent.com/PokeAPI/sprites/master/sprites/pokemon/477.png
478,Froslass,Ice,Ghost,480,70,80,70,80,70,110,4,0,0,https://raw.githubusercontent.com/PokeAPI/sprites/master/sprites/pokemon/478.png
479,Rotom,Electric,Ghost,440,50,50,77,95,77,91,4,0,0,https://raw.githubusercontent.com/PokeAPI/sprites/master/sprites/pokemon/479.png
480,Uxie,Psychic,NULL,580,75,75,130,75,130,95,4,1,0,https://raw.githubusercontent.com/PokeAPI/sprites/master/sprites/pokemon/480.png
481,Mesprit,Psychic,NULL,580,80,105,105,105,105,80,4,1,0,https://raw.githubusercontent.com/PokeAPI/sprites/master/sprites/pokemon/481.png
482,Azelf,Psychic,NULL,580,75,125,70,125,70,115,4,1,1,https://raw.githubusercontent.com/PokeAPI/sprites/master/sprites/pokemon/482.png
483,Dialga,Steel,Dragon,680,100,120,120,150,100,90,4,1,0,https://raw.githubusercontent.com/PokeAPI/sprites/master/sprites/pokemon/483.png
484,Palkia,Water,Dragon,680,90,120,100,150,120,100,4,1,0,https://raw.githubusercontent.com/PokeAPI/sprites/master/sprites/pokemon/484.png
485,Heatran,Fire,Steel,600,91,90,106,130,106,77,4,1,0,https://raw.githubusercontent.com/PokeAPI/sprites/master/sprites/pokemon/485.png
486,Regigigas,Normal,NULL,670,110,160,110,80,110,100,4,1,1,https://raw.githubusercontent.com/PokeAPI/sprites/master/sprites/pokemon/486.png
487,Giratina,Ghost,Dragon,680,150,120,100,120,100,90,4,1,0,https://raw.githubusercontent.com/PokeAPI/sprites/master/sprites/pokemon/487.png
488,Cresselia,Psychic,NULL,600,120,70,120,75,130,85,4,0,0,https://raw.githubusercontent.com/PokeAPI/sprites/master/sprites/pokemon/488.png
489,Phione,Water,NULL,480,80,80,80,80,80,80,4,0,0,https://raw.githubusercontent.com/PokeAPI/sprites/master/sprites/pokemon/489.png
490,Manaphy,Water,NULL,600,100,100,100,100,100,100,4,0,0,https://raw.githubusercontent.com/PokeAPI/sprites/master/sprites/pokemon/490.png
491,Darkrai,Dark,NULL,600,70,90,90,135,90,125,4,1,0,https://raw.githubusercontent.com/PokeAPI/sprites/master/sprites/pokemon/491.png
492,Shaymin,Grass,NULL,600,100,100,100,100,100,100,4,1,0,https://raw.githubusercontent.com/PokeAPI/sprites/master/sprites/pokemon/492.png
493,Arceus,Normal,NULL,720,120,120,120,120,120,120,4,1,0,https://raw.githubusercontent.com/PokeAPI/sprites/master/sprites/pokemon/493.png
494,Victini,Psychic,Fire,600,100,100,100,100,100,100,5,1,0,https://raw.githubusercontent.com/PokeAPI/sprites/master/sprites/pokemon/494.png
495,Snivy,Grass,NULL,308,45,45,55,45,55,63,5,0,1,https://raw.githubusercontent.com/PokeAPI/sprites/master/sprites/pokemon/495.png
496,Servine,Grass,NULL,413,60,60,75,60,75,83,5,0,0,https://raw.githubusercontent.com/PokeAPI/sprites/master/sprites/pokemon/496.png
497,Serperior,Grass,NULL,528,75,75,95,75,95,113,5,0,1,https://raw.githubusercontent.com/PokeAPI/sprites/master/sprites/pokemon/497.png
498,Tepig,Fire,NULL,308,65,63,45,45,45,45,5,0,0,https://raw.githubusercontent.com/PokeAPI/sprites/master/sprites/pokemon/498.png
499,Pignite,Fire,Fighting,418,90,93,55,70,55,55,5,0,0,https://raw.githubusercontent.com/PokeAPI/sprites/master/sprites/pokemon/499.png
500,Emboar,Fire,Fighting,528,110,123,65,100,65,65,5,0,0,https://raw.githubusercontent.com/PokeAPI/sprites/master/sprites/pokemon/500.png
501,Oshawott,Water,NULL,308,55,55,45,63,45,45,5,0,0,https://raw.githubusercontent.com/PokeAPI/sprites/master/sprites/pokemon/501.png
502,Dewott,Water,NULL,413,75,75,60,83,60,60,5,0,0,https://raw.githubusercontent.com/PokeAPI/sprites/master/sprites/pokemon/502.png
503,Samurott,Water,NULL,528,95,100,85,108,70,70,5,0,0,https://raw.githubusercontent.com/PokeAPI/sprites/master/sprites/pokemon/503.png
504,Patrat,Normal,NULL,255,45,55,39,35,39,42,5,0,0,https://raw.githubusercontent.com/PokeAPI/sprites/master/sprites/pokemon/504.png
505,Watchog,Normal,NULL,420,60,85,69,60,69,77,5,0,0,https://raw.githubusercontent.com/PokeAPI/sprites/master/sprites/pokemon/505.png
506,Lillipup,Normal,NULL,275,45,60,45,25,45,55,5,0,0,https://raw.githubusercontent.com/PokeAPI/sprites/master/sprites/pokemon/506.png
507,Herdier,Normal,NULL,370,65,80,65,35,65,60,5,0,0,https://raw.githubusercontent.com/PokeAPI/sprites/master/sprites/pokemon/507.png
508,Stoutland,Normal,NULL,500,85,110,90,45,90,80,5,0,1,https://raw.githubusercontent.com/PokeAPI/sprites/master/sprites/pokemon/508.png
509,Purrloin,Dark,NULL,281,41,50,37,50,37,66,5,0,0,https://raw.githubusercontent.com/PokeAPI/sprites/master/sprites/pokemon/509.png
510,Liepard,Dark,NULL,446,64,88,50,88,50,106,5,0,0,https://raw.githubusercontent.com/PokeAPI/sprites/master/sprites/pokemon/510.png
511,Pansage,Grass,NULL,316,50,53,48,53,48,64,5,0,0,https://raw.githubusercontent.com/PokeAPI/sprites/master/sprites/pokemon/511.png
512,Simisage,Grass,NULL,498,75,98,63,98,63,101,5,0,0,https://raw.githubusercontent.com/PokeAPI/sprites/master/sprites/pokemon/512.png
513,Pansear,Fire,NULL,316,50,53,48,53,48,64,5,0,0,https://raw.githubusercontent.com/PokeAPI/sprites/master/sprites/pokemon/513.png
514,Simisear,Fire,NULL,498,75,98,63,98,63,101,5,0,0,https://raw.githubusercontent.com/PokeAPI/sprites/master/sprites/pokemon/514.png
515,Panpour,Water,NULL,316,50,53,48,53,48,64,5,0,0,https://raw.githubusercontent.com/PokeAPI/sprites/master/sprites/pokemon/515.png
516,Simipour,Water,NULL,498,75,98,63,98,63,101,5,0,0,https://raw.githubusercontent.com/PokeAPI/sprites/master/sprites/pokemon/516.png
517,Munna,Psychic,NULL,292,76,25,45,67,55,24,5,0,0,https://raw.githubusercontent.com/PokeAPI/sprites/master/sprites/pokemon/517.png
518,Musharna,Psychic,NULL,487,116,55,85,107,95,29,5,0,0,https://raw.githubusercontent.com/PokeAPI/sprites/master/sprites/pokemon/518.png
519,Pidove,Normal,Flying,264,50,55,50,36,30,43,5,0,0,https://raw.githubusercontent.com/PokeAPI/sprites/master/sprites/pokemon/519.png
520,Tranquill,Normal,Flying,358,62,77,62,50,42,65,5,0,0,https://raw.githubusercontent.com/PokeAPI/sprites/master/sprites/pokemon/520.png
521,Unfezant,Normal,Flying,488,80,115,80,65,55,93,5,0,0,https://raw.githubusercontent.com/PokeAPI/sprites/master/sprites/pokemon/521.png
522,Blitzle,Electric,NULL,295,45,60,32,50,32,76,5,0,0,https://raw.githubusercontent.com/PokeAPI/sprites/master/sprites/pokemon/522.png
523,Zebstrika,Electric,NULL,497,75,100,63,80,63,116,5,0,0,https://raw.githubusercontent.com/PokeAPI/sprites/master/sprites/pokemon/523.png
524,Roggenrola,Rock,NULL,280,55,75,85,25,25,15,5,0,0,https://raw.githubusercontent.com/PokeAPI/sprites/master/sprites/pokemon/524.png
525,Boldore,Rock,NULL,390,70,105,105,50,40,20,5,0,0,https://raw.githubusercontent.com/PokeAPI/sprites/master/sprites/pokemon/525.png
526,Gigalith,Rock,NULL,515,85,135,130,60,80,25,5,0,0,https://raw.githubusercontent.com/PokeAPI/sprites/master/sprites/pokemon/526.png
527,Woobat,Psychic,Flying,313,55,45,43,55,43,72,5,0,0,https://raw.githubusercontent.com/PokeAPI/sprites/master/sprites/pokemon/527.png
528,Swoobat,Psychic,Flying,425,67,57,55,77,55,114,5,0,0,https://raw.githubusercontent.com/PokeAPI/sprites/master/sprites/pokemon/528.png
529,Drilbur,Ground,NULL,328,60,85,40,30,45,68,5,0,0,https://raw.githubusercontent.com/PokeAPI/sprites/master/sprites/pokemon/529.png
530,Excadrill,Ground,Steel,508,110,135,60,50,65,88,5,0,0,https://raw.githubusercontent.com/PokeAPI/sprites/master/sprites/pokemon/530.png
531,Audino,Normal,NULL,445,103,60,86,60,86,50,5,0,0,https://raw.githubusercontent.com/PokeAPI/sprites/master/sprites/pokemon/531.png
532,Timburr,Fighting,NULL,305,75,80,55,25,35,35,5,0,0,https://raw.githubusercontent.com/PokeAPI/sprites/master/sprites/pokemon/532.png
533,Gurdurr,Fighting,NULL,405,85,105,85,40,50,40,5,0,0,https://raw.githubusercontent.com/PokeAPI/sprites/master/sprites/pokemon/533.png
534,Conkeldurr,Fighting,NULL,505,105,140,95,55,65,45,5,0,0,https://raw.githubusercontent.com/PokeAPI/sprites/master/sprites/pokemon/534.png
535,Tympole,Water,NULL,294,50,50,40,50,40,64,5,0,0,https://raw.githubusercontent.com/PokeAPI/sprites/master/sprites/pokemon/535.png
536,Palpitoad,Water,Ground,384,75,65,55,65,55,69,5,0,0,https://raw.githubusercontent.com/PokeAPI/sprites/master/sprites/pokemon/536.png
537,Seismitoad,Water,Ground,509,105,95,75,85,75,74,5,0,0,https://raw.githubusercontent.com/PokeAPI/sprites/master/sprites/pokemon/537.png
538,Throh,Fighting,NULL,465,120,100,85,30,85,45,5,0,0,https://raw.githubusercontent.com/PokeAPI/sprites/master/sprites/pokemon/538.png
539,Sawk,Fighting,NULL,465,75,125,75,30,75,85,5,0,0,https://raw.githubusercontent.com/PokeAPI/sprites/master/sprites/pokemon/539.png
540,Sewaddle,Bug,Grass,310,45,53,70,40,60,42,5,0,0,https://raw.githubusercontent.com/PokeAPI/sprites/master/sprites/pokemon/540.png
541,Swadloon,Bug,Grass,380,55,63,90,50,80,42,5,0,0,https://raw.githubusercontent.com/PokeAPI/sprites/master/sprites/pokemon/541.png
542,Leavanny,Bug,Grass,500,75,103,80,70,80,92,5,0,0,https://raw.githubusercontent.com/PokeAPI/sprites/master/sprites/pokemon/542.png
543,Venipede,Bug,Poison,260,30,45,59,30,39,57,5,0,0,https://raw.githubusercontent.com/PokeAPI/sprites/master/sprites/pokemon/543.png
544,Whirlipede,Bug,Poison,360,40,55,99,40,79,47,5,0,0,https://raw.githubusercontent.com/PokeAPI/sprites/master/sprites/pokemon/544.png
545,Scolipede,Bug,Poison,485,60,100,89,55,69,112,5,0,0,https://raw.githubusercontent.com/PokeAPI/sprites/master/sprites/pokemon/545.png
546,Cottonee,Grass,Fairy,280,40,27,60,37,50,66,5,0,0,https://raw.githubusercontent.com/PokeAPI/sprites/master/sprites/pokemon/546.png
547,Whimsicott,Grass,Fairy,480,60,67,85,77,75,116,5,0,0,https://raw.githubusercontent.com/PokeAPI/sprites/master/sprites/pokemon/547.png
548,Petilil,Grass,NULL,280,45,35,50,70,50,30,5,0,0,https://raw.githubusercontent.com/PokeAPI/sprites/master/sprites/pokemon/548.png
549,Lilligant,Grass,NULL,480,70,60,75,110,75,90,5,0,0,https://raw.githubusercontent.com/PokeAPI/sprites/master/sprites/pokemon/549.png
550,Basculin,Water,NULL,460,70,92,65,80,55,98,5,0,0,https://raw.githubusercontent.com/PokeAPI/sprites/master/sprites/pokemon/550.png
551,Sandile,Ground,Dark,292,50,72,35,35,35,65,5,0,0,https://raw.githubusercontent.com/PokeAPI/sprites/master/sprites/pokemon/551.png
552,Krokorok,Ground,Dark,351,60,82,45,45,45,74,5,0,0,https://raw.githubusercontent.com/PokeAPI/sprites/master/sprites/pokemon/552.png
553,Krookodile,Ground,Dark,519,95,117,80,65,70,92,5,0,0,https://raw.githubusercontent.com/PokeAPI/sprites/master/sprites/pokemon/553.png
554,Darumaka,Fire,NULL,315,70,90,45,15,45,50,5,0,0,https://raw.githubusercontent.com/PokeAPI/sprites/master/sprites/pokemon/554.png
555,Darmanitan,Fire,NULL,480,105,140,55,30,55,95,5,0,0,https://raw.githubusercontent.com/PokeAPI/sprites/master/sprites/pokemon/555.png
556,Maractus,Grass,NULL,461,75,86,67,106,67,60,5,0,0,https://raw.githubusercontent.com/PokeAPI/sprites/master/sprites/pokemon/556.png
557,Dwebble,Bug,Rock,325,50,65,85,35,35,55,5,0,0,https://raw.githubusercontent.com/PokeAPI/sprites/master/sprites/pokemon/557.png
558,Crustle,Bug,Rock,475,70,95,125,65,75,45,5,0,0,https://raw.githubusercontent.com/PokeAPI/sprites/master/sprites/pokemon/558.png
559,Scraggy,Dark,Fighting,348,50,75,70,35,70,48,5,0,0,https://raw.githubusercontent.com/PokeAPI/sprites/master/sprites/pokemon/559.png
560,Scrafty,Dark,Fighting,488,65,90,115,45,115,58,5,0,0,https://raw.githubusercontent.com/PokeAPI/sprites/master/sprites/pokemon/560.png
561,Sigilyph,Psychic,Flying,490,72,58,80,103,80,97,5,0,0,https://raw.githubusercontent.com/PokeAPI/sprites/master/sprites/pokemon/561.png
562,Yamask,Ghost,NULL,303,38,30,85,55,65,30,5,0,0,https://raw.githubusercontent.com/PokeAPI/sprites/master/sprites/pokemon/562.png
563,Cofagrigus,Ghost,NULL,483,58,50,145,95,105,30,5,0,0,https://raw.githubusercontent.com/PokeAPI/sprites/master/sprites/pokemon/563.png
564,Tirtouga,Water,Rock,355,54,78,103,53,45,22,5,0,0,https://raw.githubusercontent.com/PokeAPI/sprites/master/sprites/pokemon/564.png
565,Carracosta,Water,Rock,495,74,108,133,83,65,32,5,0,0,https://raw.githubusercontent.com/PokeAPI/sprites/master/sprites/pokemon/565.png
566,Archen,Rock,Flying,401,55,112,45,74,45,70,5,0,0,https://raw.githubusercontent.com/PokeAPI/sprites/master/sprites/pokemon/566.png
567,Archeops,Rock,Flying,567,75,140,65,112,65,110,5,0,0,https://raw.githubusercontent.com/PokeAPI/sprites/master/sprites/pokemon/567.png
568,Trubbish,Poison,NULL,329,50,50,62,40,62,65,5,0,0,https://raw.githubusercontent.com/PokeAPI/sprites/master/sprites/pokemon/568.png
569,Garbodor,Poison,NULL,474,80,95,82,60,82,75,5,0,0,https://raw.githubusercontent.com/PokeAPI/sprites/master/sprites/pokemon/569.png
570,Zorua,Dark,NULL,330,40,65,40,80,40,65,5,0,0,https://raw.githubusercontent.com/PokeAPI/sprites/master/sprites/pokemon/570.png
571,Zoroark,Dark,NULL,510,60,105,60,120,60,105,5,0,0,https://raw.githubusercontent.com/PokeAPI/sprites/master/sprites/pokemon/571.png
572,Minccino,Normal,NULL,300,55,50,40,40,40,75,5,0,0,https://raw.githubusercontent.com/PokeAPI/sprites/master/sprites/pokemon/572.png
573,Cinccino,Normal,NULL,470,75,95,60,65,60,115,5,0,1,https://raw.githubusercontent.com/PokeAPI/sprites/master/sprites/pokemon/573.png
574,Gothita,Psychic,NULL,290,45,30,50,55,65,45,5,0,0,https://raw.githubusercontent.com/PokeAPI/sprites/master/sprites/pokemon/574.png
575,Gothorita,Psychic,NULL,390,60,45,70,75,85,55,5,0,0,https://raw.githubusercontent.com/PokeAPI/sprites/master/sprites/pokemon/575.png
576,Gothitelle,Psychic,NULL,490,70,55,95,95,110,65,5,0,0,https://raw.githubusercontent.com/PokeAPI/sprites/master/sprites/pokemon/576.png
577,Solosis,Psychic,NULL,290,45,30,40,105,50,20,5,0,0,https://raw.githubusercontent.com/PokeAPI/sprites/master/sprites/pokemon/577.png
578,Duosion,Psychic,NULL,370,65,40,50,125,60,30,5,0,0,https://raw.githubusercontent.com/PokeAPI/sprites/master/sprites/pokemon/578.png
579,Reuniclus,Psychic,NULL,490,110,65,75,125,85,30,5,0,0,https://raw.githubusercontent.com/PokeAPI/sprites/master/sprites/pokemon/579.png
580,Ducklett,Water,Flying,305,62,44,50,44,50,55,5,0,0,https://raw.githubusercontent.com/PokeAPI/sprites/master/sprites/pokemon/580.png
581,Swanna,Water,Flying,473,75,87,63,87,63,98,5,0,0,https://raw.githubusercontent.com/PokeAPI/sprites/master/sprites/pokemon/581.png
582,Vanillite,Ice,NULL,305,36,50,50,65,60,44,5,0,0,https://raw.githubusercontent.com/PokeAPI/sprites/master/sprites/pokemon/582.png
583,Vanillish,Ice,NULL,395,51,65,65,80,75,59,5,0,0,https://raw.githubusercontent.com/PokeAPI/sprites/master/sprites/pokemon/583.png
584,Vanilluxe,Ice,NULL,535,71,95,85,110,95,79,5,0,0,https://raw.githubusercontent.com/PokeAPI/sprites/master/sprites/pokemon/584.png
585,Deerling,Normal,Grass,335,60,60,50,40,50,75,5,0,0,https://raw.githubusercontent.com/PokeAPI/sprites/master/sprites/pokemon/585.png
586,Sawsbuck,Normal,Grass,475,80,100,70,60,70,95,5,0,0,https://raw.githubusercontent.com/PokeAPI/sprites/master/sprites/pokemon/586.png
587,Emolga,Electric,Flying,428,55,75,60,75,60,103,5,0,0,https://raw.githubusercontent.com/PokeAPI/sprites/master/sprites/pokemon/587.png
588,Karrablast,Bug,NULL,315,50,75,45,40,45,60,5,0,1,https://raw.githubusercontent.com/PokeAPI/sprites/master/sprites/pokemon/588.png
589,Escavalier,Bug,Steel,495,70,135,105,60,105,20,5,0,0,https://raw.githubusercontent.com/PokeAPI/sprites/master/sprites/pokemon/589.png
590,Foongus,Grass,Poison,294,69,55,45,55,55,15,5,0,0,https://raw.githubusercontent.com/PokeAPI/sprites/master/sprites/pokemon/590.png
591,Amoonguss,Grass,Poison,464,114,85,70,85,80,30,5,0,0,https://raw.githubusercontent.com/PokeAPI/sprites/master/sprites/pokemon/591.png
592,Frillish,Water,Ghost,335,55,40,50,65,85,40,5,0,0,https://raw.githubusercontent.com/PokeAPI/sprites/master/sprites/pokemon/592.png
593,Jellicent,Water,Ghost,480,100,60,70,85,105,60,5,0,0,https://raw.githubusercontent.com/PokeAPI/sprites/master/sprites/pokemon/593.png
594,Alomomola,Water,NULL,470,165,75,80,40,45,65,5,0,0,https://raw.githubusercontent.com/PokeAPI/sprites/master/sprites/pokemon/594.png
595,Joltik,Bug,Electric,319,50,47,50,57,50,65,5,0,0,https://raw.githubusercontent.com/PokeAPI/sprites/master/sprites/pokemon/595.png
596,Galvantula,Bug,Electric,472,70,77,60,97,60,108,5,0,0,https://raw.githubusercontent.com/PokeAPI/sprites/master/sprites/pokemon/596.png
597,Ferroseed,Grass,Steel,305,44,50,91,24,86,10,5,0,0,https://raw.githubusercontent.com/PokeAPI/sprites/master/sprites/pokemon/597.png
598,Ferrothorn,Grass,Steel,489,74,94,131,54,116,20,5,0,0,https://raw.githubusercontent.com/PokeAPI/sprites/master/sprites/pokemon/598.png
599,Klink,Steel,NULL,300,40,55,70,45,60,30,5,0,0,https://raw.githubusercontent.com/PokeAPI/sprites/master/sprites/pokemon/599.png
600,Klang,Steel,NULL,440,60,80,95,70,85,50,5,0,0,https://raw.githubusercontent.com/PokeAPI/sprites/master/sprites/pokemon/600.png
601,Klinklang,Steel,NULL,520,60,100,115,70,85,90,5,0,0,https://raw.githubusercontent.com/PokeAPI/sprites/master/sprites/pokemon/601.png
602,Tynamo,Electric,NULL,275,35,55,40,45,40,60,5,0,0,https://raw.githubusercontent.com/PokeAPI/sprites/master/sprites/pokemon/602.png
603,Eelektrik,Electric,NULL,405,65,85,70,75,70,40,5,0,0,https://raw.githubusercontent.com/PokeAPI/sprites/master/sprites/pokemon/603.png
604,Eelektross,Electric,NULL,515,85,115,80,105,80,50,5,0,0,https://raw.githubusercontent.com/PokeAPI/sprites/master/sprites/pokemon/604.png
605,Elgyem,Psychic,NULL,335,55,55,55,85,55,30,5,0,0,https://raw.githubusercontent.com/PokeAPI/sprites/master/sprites/pokemon/605.png
606,Beheeyem,Psychic,NULL,485,75,75,75,125,95,40,5,0,0,https://raw.githubusercontent.com/PokeAPI/sprites/master/sprites/pokemon/606.png
607,Litwick,Ghost,Fire,275,50,30,55,65,55,20,5,0,0,https://raw.githubusercontent.com/PokeAPI/sprites/master/sprites/pokemon/607.png
608,Lampent,Ghost,Fire,370,60,40,60,95,60,55,5,0,1,https://raw.githubusercontent.com/PokeAPI/sprites/master/sprites/pokemon/608.png
609,Chandelure,Ghost,Fire,520,60,55,90,145,90,80,5,0,0,https://raw.githubusercontent.com/PokeAPI/sprites/master/sprites/pokemon/609.png
610,Axew,Dragon,NULL,320,46,87,60,30,40,57,5,0,0,https://raw.githubusercontent.com/PokeAPI/sprites/master/sprites/pokemon/610.png
611,Fraxure,Dragon,NULL,410,66,117,70,40,50,67,5,0,0,https://raw.githubusercontent.com/PokeAPI/sprites/master/sprites/pokemon/611.png
612,Haxorus,Dragon,NULL,540,76,147,90,60,70,97,5,0,0,https://raw.githubusercontent.com/PokeAPI/sprites/master/sprites/pokemon/612.png
613,Cubchoo,Ice,NULL,305,55,70,40,60,40,40,5,0,0,https://raw.githubusercontent.com/PokeAPI/sprites/master/sprites/pokemon/613.png
614,Beartic,Ice,NULL,485,95,110,80,70,80,50,5,0,0,https://raw.githubusercontent.com/PokeAPI/sprites/master/sprites/pokemon/614.png
615,Cryogonal,Ice,NULL,485,70,50,30,95,135,105,5,0,0,https://raw.githubusercontent.com/PokeAPI/sprites/master/sprites/pokemon/615.png
616,Shelmet,Bug,NULL,305,50,40,85,40,65,25,5,0,0,https://raw.githubusercontent.com/PokeAPI/sprites/master/sprites/pokemon/616.png
617,Accelgor,Bug,NULL,495,80,70,40,100,60,145,5,0,0,https://raw.githubusercontent.com/PokeAPI/sprites/master/sprites/pokemon/617.png
618,Stunfisk,Ground,Electric,471,109,66,84,81,99,32,5,0,0,https://raw.githubusercontent.com/PokeAPI/sprites/master/sprites/pokemon/618.png
619,Mienfoo,Fighting,NULL,350,45,85,50,55,50,65,5,0,0,https://raw.githubusercontent.com/PokeAPI/sprites/master/sprites/pokemon/619.png
620,Mienshao,Fighting,NULL,510,65,125,60,95,60,105,5,0,0,https://raw.githubusercontent.com/PokeAPI/sprites/master/sprites/pokemon/620.png
621,Druddigon,Dragon,NULL,485,77,120,90,60,90,48,5,0,0,https://raw.githubusercontent.com/PokeAPI/sprites/master/sprites/pokemon/621.png
622,Golett,Ground,Ghost,303,59,74,50,35,50,35,5,0,0,https://raw.githubusercontent.com/PokeAPI/sprites/master/sprites/pokemon/622.png
623,Golurk,Ground,Ghost,483,89,124,80,55,80,55,5,0,0,https://raw.githubusercontent.com/PokeAPI/sprites/master/sprites/pokemon/623.png
624,Pawniard,Dark,Steel,340,45,85,70,40,40,60,5,0,0,https://raw.githubusercontent.com/PokeAPI/sprites/master/sprites/pokemon/624.png
625,Bisharp,Dark,Steel,490,65,125,100,60,70,70,5,0,1,https://raw.githubusercontent.com/PokeAPI/sprites/master/sprites/pokemon/625.png
626,Bouffalant,Normal,NULL,490,95,110,95,40,95,55,5,0,0,https://raw.githubusercontent.com/PokeAPI/sprites/master/sprites/pokemon/626.png
627,Rufflet,Normal,Flying,350,70,83,50,37,50,60,5,0,0,https://raw.githubusercontent.com/PokeAPI/sprites/master/sprites/pokemon/627.png
628,Braviary,Normal,Flying,510,100,123,75,57,75,80,5,0,0,https://raw.githubusercontent.com/PokeAPI/sprites/master/sprites/pokemon/628.png
629,Vullaby,Dark,Flying,370,70,55,75,45,65,60,5,0,0,https://raw.githubusercontent.com/PokeAPI/sprites/master/sprites/pokemon/629.png
630,Mandibuzz,Dark,Flying,510,110,65,105,55,95,80,5,0,0,https://raw.githubusercontent.com/PokeAPI/sprites/master/sprites/pokemon/630.png
631,Heatmor,Fire,NULL,484,85,97,66,105,66,65,5,0,0,https://raw.githubusercontent.com/PokeAPI/sprites/master/sprites/pokemon/631.png
632,Durant,Bug,Steel,484,58,109,112,48,48,109,5,0,1,https://raw.githubusercontent.com/PokeAPI/sprites/master/sprites/pokemon/632.png
633,Deino,Dark,Dragon,300,52,65,50,45,50,38,5,0,0,https://raw.githubusercontent.com/PokeAPI/sprites/master/sprites/pokemon/633.png
634,Zweilous,Dark,Dragon,420,72,85,70,65,70,58,5,0,0,https://raw.githubusercontent.com/PokeAPI/sprites/master/sprites/pokemon/634.png
635,Hydreigon,Dark,Dragon,600,92,105,90,125,90,98,5,0,0,https://raw.githubusercontent.com/PokeAPI/sprites/master/sprites/pokemon/635.png
636,Larvesta,Bug,Fire,360,55,85,55,50,55,60,5,0,0,https://raw.githubusercontent.com/PokeAPI/sprites/master/sprites/pokemon/636.png
637,Volcarona,Bug,Fire,550,85,60,65,135,105,100,5,0,1,https://raw.githubusercontent.com/PokeAPI/sprites/master/sprites/pokemon/637.png
638,Cobalion,Steel,Fighting,580,91,90,129,90,72,108,5,1,0,https://raw.githubusercontent.com/PokeAPI/sprites/master/sprites/pokemon/638.png
639,Terrakion,Rock,Fighting,580,91,129,90,72,90,108,5,1,0,https://raw.githubusercontent.com/PokeAPI/sprites/master/sprites/pokemon/639.png
640,Virizion,Grass,Fighting,580,91,90,72,90,129,108,5,1,0,https://raw.githubusercontent.com/PokeAPI/sprites/master/sprites/pokemon/640.png
641,Tornadus,Flying,NULL,580,79,115,70,125,80,111,5,1,1,https://raw.githubusercontent.com/PokeAPI/sprites/master/sprites/pokemon/641.png
642,Thundurus,Electric,Flying,580,79,115,70,125,80,111,5,1,0,https://raw.githubusercontent.com/PokeAPI/sprites/master/sprites/pokemon/642.png
643,Reshiram,Dragon,Fire,680,100,120,100,150,120,90,5,1,0,https://raw.githubusercontent.com/PokeAPI/sprites/master/sprites/pokemon/643.png
644,Zekrom,Dragon,Electric,680,100,150,120,120,100,90,5,1,0,https://raw.githubusercontent.com/PokeAPI/sprites/master/sprites/pokemon/644.png
645,Landorus,Ground,Flying,600,89,125,90,115,80,101,5,1,0,https://raw.githubusercontent.com/PokeAPI/sprites/master/sprites/pokemon/645.png
646,Kyurem,Dragon,Ice,660,125,130,90,130,90,95,5,1,0,https://raw.githubusercontent.com/PokeAPI/sprites/master/sprites/pokemon/646.png
647,Keldeo,Water,Fighting,580,91,72,90,129,90,108,5,0,0,https://raw.githubusercontent.com/PokeAPI/sprites/master/sprites/pokemon/647.png
648,Meloetta,Normal,Psychic,600,100,77,77,128,128,90,5,0,0,https://raw.githubusercontent.com/PokeAPI/sprites/master/sprites/pokemon/648.png
649,Genesect,Bug,Steel,600,71,120,95,120,95,99,5,0,0,https://raw.githubusercontent.com/PokeAPI/sprites/master/sprites/pokemon/649.png
650,Chespin,Grass,NULL,313,56,61,65,48,45,38,6,0,0,https://raw.githubusercontent.com/PokeAPI/sprites/master/sprites/pokemon/650.png
651,Quilladin,Grass,NULL,405,61,78,95,56,58,57,6,0,0,https://raw.githubusercontent.com/PokeAPI/sprites/master/sprites/pokemon/651.png
652,Chesnaught,Grass,Fighting,530,88,107,122,74,75,64,6,0,0,https://raw.githubusercontent.com/PokeAPI/sprites/master/sprites/pokemon/652.png
653,Fennekin,Fire,NULL,307,40,45,40,62,60,60,6,0,0,https://raw.githubusercontent.com/PokeAPI/sprites/master/sprites/pokemon/653.png
654,Braixen,Fire,NULL,409,59,59,58,90,70,73,6,0,0,https://raw.githubusercontent.com/PokeAPI/sprites/master/sprites/pokemon/654.png
655,Delphox,Fire,Psychic,534,75,69,72,114,100,104,6,0,0,https://raw.githubusercontent.com/PokeAPI/sprites/master/sprites/pokemon/655.png
656,Froakie,Water,NULL,314,41,56,40,62,44,71,6,0,1,https://raw.githubusercontent.com/PokeAPI/sprites/master/sprites/pokemon/656.png
657,Frogadier,Water,NULL,405,54,63,52,83,56,97,6,0,0,https://raw.githubusercontent.com/PokeAPI/sprites/master/sprites/pokemon/657.png
658,Greninja,Water,Dark,530,72,95,67,103,71,122,6,0,0,https://raw.githubusercontent.com/PokeAPI/sprites/master/sprites/pokemon/658.png
659,Bunnelby,Normal,NULL,237,38,36,38,32,36,57,6,0,0,https://raw.githubusercontent.com/PokeAPI/sprites/master/sprites/pokemon/659.png
660,Diggersby,Normal,Ground,423,85,56,77,50,77,78,6,0,1,https://raw.githubusercontent.com/PokeAPI/sprites/master/sprites/pokemon/660.png
661,Fletchling,Normal,Flying,278,45,50,43,40,38,62,6,0,0,https://raw.githubusercontent.com/PokeAPI/sprites/master/sprites/pokemon/661.png
662,Fletchinder,Fire,Flying,382,62,73,55,56,52,84,6,0,0,https://raw.githubusercontent.com/PokeAPI/sprites/master/sprites/pokemon/662.png
663,Talonflame,Fire,Flying,499,78,81,71,74,69,126,6,0,0,https://raw.githubusercontent.com/PokeAPI/sprites/master/sprites/pokemon/663.png
664,Scatterbug,Bug,NULL,200,38,35,40,27,25,35,6,0,0,https://raw.githubusercontent.com/PokeAPI/sprites/master/sprites/pokemon/664.png
665,Spewpa,Bug,NULL,213,45,22,60,27,30,29,6,0,0,https://raw.githubusercontent.com/PokeAPI/sprites/master/sprites/pokemon/665.png
666,Vivillon,Bug,Flying,411,80,52,50,90,50,89,6,0,0,https://raw.githubusercontent.com/PokeAPI/sprites/master/sprites/pokemon/666.png
667,Litleo,Fire,Normal,369,62,50,58,73,54,72,6,0,0,https://raw.githubusercontent.com/PokeAPI/sprites/master/sprites/pokemon/667.png
668,Pyroar,Fire,Normal,507,86,68,72,109,66,106,6,0,0,https://raw.githubusercontent.com/PokeAPI/sprites/master/sprites/pokemon/668.png
669,Flabébé,Fairy,NULL,303,44,38,39,61,79,42,6,0,0,https://raw.githubusercontent.com/PokeAPI/sprites/master/sprites/pokemon/669.png
670,Floette,Fairy,NULL,371,54,45,47,75,98,52,6,0,0,https://raw.githubusercontent.com/PokeAPI/sprites/master/sprites/pokemon/670.png
671,Florges,Fairy,NULL,552,78,65,68,112,154,75,6,0,0,https://raw.githubusercontent.com/PokeAPI/sprites/master/sprites/pokemon/671.png
672,Skiddo,Grass,NULL,350,66,65,48,62,57,52,6,0,1,https://raw.githubusercontent.com/PokeAPI/sprites/master/sprites/pokemon/672.png
673,Gogoat,Grass,NULL,531,123,100,62,97,81,68,6,0,0,https://raw.githubusercontent.com/PokeAPI/sprites/master/sprites/pokemon/673.png
674,Pancham,Fighting,NULL,348,67,82,62,46,48,43,6,0,0,https://raw.githubusercontent.com/PokeAPI/sprites/master/sprites/pokemon/674.png
675,Pangoro,Fighting,Dark,495,95,124,78,69,71,58,6,0,1,https://raw.githubusercontent.com/PokeAPI/sprites/master/sprites/pokemon/675.png
676,Furfrou,Normal,NULL,472,75,80,60,65,90,102,6,0,0,https://raw.githubusercontent.com/PokeAPI/sprites/master/sprites/pokemon/676.png
677,Espurr,Psychic,NULL,355,62,48,54,63,60,68,6,0,0,https://raw.githubusercontent.com/PokeAPI/sprites/master/sprites/pokemon/677.png
678,Meowstic♂,Psychic,NULL,466,74,48,76,83,81,104,6,0,1,https://raw.githubusercontent.com/PokeAPI/sprites/master/sprites/pokemon/678.png
679,Honedge,Steel,Ghost,325,45,80,100,35,37,28,6,0,0,https://raw.githubusercontent.com/PokeAPI/sprites/master/sprites/pokemon/679.png
680,Doublade,Steel,Ghost,448,59,110,150,45,49,35,6,0,1,https://raw.githubusercontent.com/PokeAPI/sprites/master/sprites/pokemon/680.png
681,Aegislash,Steel,Ghost,520,60,150,50,150,50,60,6,0,1,https://raw.githubusercontent.com/PokeAPI/sprites/master/sprites/pokemon/681.png
682,Spritzee,Fairy,NULL,341,78,52,60,63,65,23,6,0,0,https://raw.githubusercontent.com/PokeAPI/sprites/master/sprites/pokemon/682.png
683,Aromatisse,Fairy,NULL,462,101,72,72,99,89,29,6,0,0,https://raw.githubusercontent.com/PokeAPI/sprites/master/sprites/pokemon/683.png
684,Swirlix,Fairy,NULL,341,62,48,66,59,57,49,6,0,0,https://raw.githubusercontent.com/PokeAPI/sprites/master/sprites/pokemon/684.png
685,Slurpuff,Fairy,NULL,480,82,80,86,85,75,72,6,0,0,https://raw.githubusercontent.com/PokeAPI/sprites/master/sprites/pokemon/685.png
686,Inkay,Dark,Psychic,288,53,54,53,37,46,45,6,0,0,https://raw.githubusercontent.com/PokeAPI/sprites/master/sprites/pokemon/686.png
687,Malamar,Dark,Psychic,482,86,92,88,68,75,73,6,0,0,https://raw.githubusercontent.com/PokeAPI/sprites/master/sprites/pokemon/687.png
688,Binacle,Rock,Water,306,42,52,67,39,56,50,6,0,0,https://raw.githubusercontent.com/PokeAPI/sprites/master/sprites/pokemon/688.png
689,Barbaracle,Rock,Water,500,72,105,115,54,86,68,6,0,0,https://raw.githubusercontent.com/PokeAPI/sprites/master/sprites/pokemon/689.png
690,Skrelp,Poison,Water,320,50,60,60,60,60,30,6,0,0,https://raw.githubusercontent.com/PokeAPI/sprites/master/sprites/pokemon/690.png
691,Dragalge,Poison,Dragon,494,65,75,90,97,123,44,6,0,0,https://raw.githubusercontent.com/PokeAPI/sprites/master/sprites/pokemon/691.png
692,Clauncher,Water,NULL,330,50,53,62,58,63,44,6,0,0,https://raw.githubusercontent.com/PokeAPI/sprites/master/sprites/pokemon/692.png
693,Clawitzer,Water,NULL,500,71,73,88,120,89,59,6,0,0,https://raw.githubusercontent.com/PokeAPI/sprites/master/sprites/pokemon/693.png
694,Helioptile,Electric,Normal,289,44,38,33,61,43,70,6,0,0,https://raw.githubusercontent.com/PokeAPI/sprites/master/sprites/pokemon/694.png
695,Heliolisk,Electric,Normal,481,62,55,52,109,94,109,6,0,0,https://raw.githubusercontent.com/PokeAPI/sprites/master/sprites/pokemon/695.png
696,Tyrunt,Rock,Dragon,362,58,89,77,45,45,48,6,0,0,https://raw.githubusercontent.com/PokeAPI/sprites/master/sprites/pokemon/696.png
697,Tyrantrum,Rock,Dragon,521,82,121,119,69,59,71,6,0,0,https://raw.githubusercontent.com/PokeAPI/sprites/master/sprites/pokemon/697.png
698,Amaura,Rock,Ice,362,77,59,50,67,63,46,6,0,0,https://raw.githubusercontent.com/PokeAPI/sprites/master/sprites/pokemon/698.png
699,Aurorus,Rock,Ice,521,123,77,72,99,92,58,6,0,0,https://raw.githubusercontent.com/PokeAPI/sprites/master/sprites/pokemon/699.png
700,Sylveon,Fairy,NULL,525,95,65,65,110,130,60,6,0,0,https://raw.githubusercontent.com/PokeAPI/sprites/master/sprites/pokemon/700.png
701,Hawlucha,Fighting,Flying,500,78,92,75,74,63,118,6,0,0,https://raw.githubusercontent.com/PokeAPI/sprites/master/sprites/pokemon/701.png
702,Dedenne,Electric,Fairy,431,67,58,57,81,67,101,6,0,0,https://raw.githubusercontent.com/PokeAPI/sprites/master/sprites/pokemon/702.png
703,Carbink,Rock,Fairy,500,50,50,150,50,150,50,6,0,0,https://raw.githubusercontent.com/PokeAPI/sprites/master/sprites/pokemon/703.png
704,Goomy,Dragon,NULL,300,45,50,35,55,75,40,6,0,0,https://raw.githubusercontent.com/PokeAPI/sprites/master/sprites/pokemon/704.png
705,Sliggoo,Dragon,NULL,452,68,75,53,83,113,60,6,0,0,https://raw.githubusercontent.com/PokeAPI/sprites/master/sprites/pokemon/705.png
706,Goodra,Dragon,NULL,600,90,100,70,110,150,80,6,0,0,https://raw.githubusercontent.com/PokeAPI/sprites/master/sprites/pokemon/706.png
707,Klefki,Steel,Fairy,470,57,80,91,80,87,75,6,0,0,https://raw.githubusercontent.com/PokeAPI/sprites/master/sprites/pokemon/707.png
708,Phantump,Ghost,Grass,309,43,70,48,50,60,38,6,0,1,https://raw.githubusercontent.com/PokeAPI/sprites/master/sprites/pokemon/708.png
709,Trevenant,Ghost,Grass,474,85,110,76,65,82,56,6,0,0,https://raw.githubusercontent.com/PokeAPI/sprites/master/sprites/pokemon/709.png
710,Pumpkaboo,Ghost,Grass,335,49,66,70,44,55,51,6,0,0,https://raw.githubusercontent.com/PokeAPI/sprites/master/sprites/pokemon/710.png
711,Gourgeist,Ghost,Grass,494,65,90,122,58,75,84,6,0,0,https://raw.githubusercontent.com/PokeAPI/sprites/master/sprites/pokemon/711.png
712,Bergmite,Ice,NULL,304,55,69,85,32,35,28,6,0,0,https://raw.githubusercontent.com/PokeAPI/sprites/master/sprites/pokemon/712.png
713,Avalugg,Ice,NULL,514,95,117,184,44,46,28,6,0,0,https://raw.githubusercontent.com/PokeAPI/sprites/master/sprites/pokemon/713.png
714,Noibat,Flying,Dragon,245,40,30,35,45,40,55,6,0,0,https://raw.githubusercontent.com/PokeAPI/sprites/master/sprites/pokemon/714.png
715,Noivern,Flying,Dragon,535,85,70,80,97,80,123,6,0,0,https://raw.githubusercontent.com/PokeAPI/sprites/master/sprites/pokemon/715.png
716,Xerneas,Fairy,NULL,680,126,131,95,131,98,99,6,1,0,https://raw.githubusercontent.com/PokeAPI/sprites/master/sprites/pokemon/716.png
717,Yveltal,Dark,Flying,680,126,131,95,131,98,99,6,1,0,https://raw.githubusercontent.com/PokeAPI/sprites/master/sprites/pokemon/717.png
718,Zygarde,Dragon,Ground,600,108,100,121,81,95,95,6,1,0,https://raw.githubusercontent.com/PokeAPI/sprites/master/sprites/pokemon/718.png
719,Diancie,Rock,Fairy,600,50,100,150,100,150,50,6,1,0,https://raw.githubusercontent.com/PokeAPI/sprites/master/sprites/pokemon/719.png
720,HoopaHoopa,Psychic,Ghost,600,80,110,60,150,130,70,6,1,0,https://raw.githubusercontent.com/PokeAPI/sprites/master/sprites/pokemon/720.png
721,Volcanion,Fire,Water,600,80,110,120,130,90,70,6,1,0,https://raw.githubusercontent.com/PokeAPI/sprites/master/sprites/pokemon/721.png
